state_abbr,latitude,longitude,name,administration,data_year,victims
AK,63.588753000000004,-154.493062,Alaska,Clinton 1st Term,1993,24
AK,63.588753000000004,-154.493062,Alaska,Clinton 1st Term,1994,9
AK,63.588753000000004,-154.493062,Alaska,Clinton 1st Term,1995,8
AK,63.588753000000004,-154.493062,Alaska,Clinton 1st Term,1996,9
AK,63.588753000000004,-154.493062,Alaska,Clinton 2nd Term,1997,10
AK,63.588753000000004,-154.493062,Alaska,Clinton 2nd Term,1999,5
AK,63.588753000000004,-154.493062,Alaska,Clinton 2nd Term,2000,4
AK,63.588753000000004,-154.493062,Alaska,Obama 1st Term,2009,9
AK,63.588753000000004,-154.493062,Alaska,Obama 1st Term,2010,7
AK,63.588753000000004,-154.493062,Alaska,Obama 1st Term,2011,8
AK,63.588753000000004,-154.493062,Alaska,Obama 1st Term,2012,6
AK,63.588753000000004,-154.493062,Alaska,Obama 2nd Term,2013,8
AK,63.588753000000004,-154.493062,Alaska,Obama 2nd Term,2014,6
AK,63.588753000000004,-154.493062,Alaska,Obama 2nd Term,2015,8
AK,63.588753000000004,-154.493062,Alaska,Obama 2nd Term,2016,11
AK,63.588753000000004,-154.493062,Alaska,Trump 1st Term,2017,2
AK,63.588753000000004,-154.493062,Alaska,Trump 1st Term,2018,5
AK,63.588753000000004,-154.493062,Alaska,W. Bush 1st Term,2001,20
AK,63.588753000000004,-154.493062,Alaska,W. Bush 1st Term,2002,7
AK,63.588753000000004,-154.493062,Alaska,W. Bush 1st Term,2003,13
AK,63.588753000000004,-154.493062,Alaska,W. Bush 1st Term,2004,9
AK,63.588753000000004,-154.493062,Alaska,W. Bush 2nd Term,2005,4
AK,63.588753000000004,-154.493062,Alaska,W. Bush 2nd Term,2006,6
AK,63.588753000000004,-154.493062,Alaska,W. Bush 2nd Term,2007,8
AK,63.588753000000004,-154.493062,Alaska,W. Bush 2nd Term,2008,8
AL,32.318231,-86.902298,Alabama,Clinton 1st Term,1993,5
AL,32.318231,-86.902298,Alabama,Obama 1st Term,2009,9
AL,32.318231,-86.902298,Alabama,Obama 1st Term,2010,19
AL,32.318231,-86.902298,Alabama,Obama 1st Term,2011,83
AL,32.318231,-86.902298,Alabama,Obama 1st Term,2012,6
AL,32.318231,-86.902298,Alabama,Obama 2nd Term,2013,6
AL,32.318231,-86.902298,Alabama,Obama 2nd Term,2014,9
AL,32.318231,-86.902298,Alabama,Obama 2nd Term,2015,10
AL,32.318231,-86.902298,Alabama,Obama 2nd Term,2016,14
AL,32.318231,-86.902298,Alabama,Trump 1st Term,2017,14
AL,32.318231,-86.902298,Alabama,Trump 1st Term,2018,2
AL,32.318231,-86.902298,Alabama,W. Bush 1st Term,2002,2
AL,32.318231,-86.902298,Alabama,W. Bush 1st Term,2003,1
AL,32.318231,-86.902298,Alabama,W. Bush 1st Term,2004,3
AL,32.318231,-86.902298,Alabama,W. Bush 2nd Term,2007,7
AL,32.318231,-86.902298,Alabama,W. Bush 2nd Term,2008,11
AR,35.20105,-91.83183299999999,Arkansas,Clinton 1st Term,1993,13
AR,35.20105,-91.83183299999999,Arkansas,Clinton 1st Term,1994,10
AR,35.20105,-91.83183299999999,Arkansas,Clinton 1st Term,1995,7
AR,35.20105,-91.83183299999999,Arkansas,Clinton 1st Term,1996,1
AR,35.20105,-91.83183299999999,Arkansas,Clinton 2nd Term,1998,3
AR,35.20105,-91.83183299999999,Arkansas,Clinton 2nd Term,1999,8
AR,35.20105,-91.83183299999999,Arkansas,Clinton 2nd Term,2000,3
AR,35.20105,-91.83183299999999,Arkansas,Obama 1st Term,2009,75
AR,35.20105,-91.83183299999999,Arkansas,Obama 1st Term,2010,64
AR,35.20105,-91.83183299999999,Arkansas,Obama 1st Term,2011,36
AR,35.20105,-91.83183299999999,Arkansas,Obama 1st Term,2012,51
AR,35.20105,-91.83183299999999,Arkansas,Obama 2nd Term,2013,27
AR,35.20105,-91.83183299999999,Arkansas,Obama 2nd Term,2014,11
AR,35.20105,-91.83183299999999,Arkansas,Obama 2nd Term,2015,6
AR,35.20105,-91.83183299999999,Arkansas,Obama 2nd Term,2016,12
AR,35.20105,-91.83183299999999,Arkansas,Trump 1st Term,2017,24
AR,35.20105,-91.83183299999999,Arkansas,Trump 1st Term,2018,23
AR,35.20105,-91.83183299999999,Arkansas,W. Bush 1st Term,2001,3
AR,35.20105,-91.83183299999999,Arkansas,W. Bush 1st Term,2003,173
AR,35.20105,-91.83183299999999,Arkansas,W. Bush 1st Term,2004,83
AR,35.20105,-91.83183299999999,Arkansas,W. Bush 2nd Term,2005,135
AR,35.20105,-91.83183299999999,Arkansas,W. Bush 2nd Term,2006,113
AR,35.20105,-91.83183299999999,Arkansas,W. Bush 2nd Term,2007,33
AR,35.20105,-91.83183299999999,Arkansas,W. Bush 2nd Term,2008,92
AZ,34.048928000000004,-111.093731,Arizona,Clinton 1st Term,1993,208
AZ,34.048928000000004,-111.093731,Arizona,Clinton 1st Term,1994,205
AZ,34.048928000000004,-111.093731,Arizona,Clinton 1st Term,1995,220
AZ,34.048928000000004,-111.093731,Arizona,Clinton 1st Term,1996,250
AZ,34.048928000000004,-111.093731,Arizona,Clinton 2nd Term,1997,330
AZ,34.048928000000004,-111.093731,Arizona,Clinton 2nd Term,1998,283
AZ,34.048928000000004,-111.093731,Arizona,Clinton 2nd Term,1999,252
AZ,34.048928000000004,-111.093731,Arizona,Clinton 2nd Term,2000,281
AZ,34.048928000000004,-111.093731,Arizona,Obama 1st Term,2009,219
AZ,34.048928000000004,-111.093731,Arizona,Obama 1st Term,2010,236
AZ,34.048928000000004,-111.093731,Arizona,Obama 1st Term,2011,193
AZ,34.048928000000004,-111.093731,Arizona,Obama 1st Term,2012,176
AZ,34.048928000000004,-111.093731,Arizona,Obama 2nd Term,2013,201
AZ,34.048928000000004,-111.093731,Arizona,Obama 2nd Term,2014,265
AZ,34.048928000000004,-111.093731,Arizona,Obama 2nd Term,2015,276
AZ,34.048928000000004,-111.093731,Arizona,Obama 2nd Term,2016,217
AZ,34.048928000000004,-111.093731,Arizona,Trump 1st Term,2017,237
AZ,34.048928000000004,-111.093731,Arizona,Trump 1st Term,2018,145
AZ,34.048928000000004,-111.093731,Arizona,W. Bush 1st Term,2001,386
AZ,34.048928000000004,-111.093731,Arizona,W. Bush 1st Term,2002,241
AZ,34.048928000000004,-111.093731,Arizona,W. Bush 1st Term,2003,247
AZ,34.048928000000004,-111.093731,Arizona,W. Bush 1st Term,2004,225
AZ,34.048928000000004,-111.093731,Arizona,W. Bush 2nd Term,2005,194
AZ,34.048928000000004,-111.093731,Arizona,W. Bush 2nd Term,2006,169
AZ,34.048928000000004,-111.093731,Arizona,W. Bush 2nd Term,2007,161
AZ,34.048928000000004,-111.093731,Arizona,W. Bush 2nd Term,2008,185
CA,36.778261,-119.41793200000001,California,Clinton 1st Term,1993,364
CA,36.778261,-119.41793200000001,California,Clinton 1st Term,1994,354
CA,36.778261,-119.41793200000001,California,Clinton 1st Term,1995,1751
CA,36.778261,-119.41793200000001,California,Clinton 1st Term,1996,2052
CA,36.778261,-119.41793200000001,California,Clinton 2nd Term,1997,1831
CA,36.778261,-119.41793200000001,California,Clinton 2nd Term,1998,1749
CA,36.778261,-119.41793200000001,California,Clinton 2nd Term,1999,1949
CA,36.778261,-119.41793200000001,California,Clinton 2nd Term,2000,1943
CA,36.778261,-119.41793200000001,California,Obama 1st Term,2009,1018
CA,36.778261,-119.41793200000001,California,Obama 1st Term,2010,1092
CA,36.778261,-119.41793200000001,California,Obama 1st Term,2011,1040
CA,36.778261,-119.41793200000001,California,Obama 1st Term,2012,910
CA,36.778261,-119.41793200000001,California,Obama 2nd Term,2013,842
CA,36.778261,-119.41793200000001,California,Obama 2nd Term,2014,759
CA,36.778261,-119.41793200000001,California,Obama 2nd Term,2015,837
CA,36.778261,-119.41793200000001,California,Obama 2nd Term,2016,931
CA,36.778261,-119.41793200000001,California,Trump 1st Term,2017,917
CA,36.778261,-119.41793200000001,California,Trump 1st Term,2018,939
CA,36.778261,-119.41793200000001,California,W. Bush 1st Term,2001,2246
CA,36.778261,-119.41793200000001,California,W. Bush 1st Term,2002,1648
CA,36.778261,-119.41793200000001,California,W. Bush 1st Term,2003,1472
CA,36.778261,-119.41793200000001,California,W. Bush 1st Term,2004,1393
CA,36.778261,-119.41793200000001,California,W. Bush 2nd Term,2005,1380
CA,36.778261,-119.41793200000001,California,W. Bush 2nd Term,2006,1297
CA,36.778261,-119.41793200000001,California,W. Bush 2nd Term,2007,1400
CA,36.778261,-119.41793200000001,California,W. Bush 2nd Term,2008,1382
CO,39.550051,-105.782067,Colorado,Clinton 1st Term,1993,178
CO,39.550051,-105.782067,Colorado,Clinton 1st Term,1994,174
CO,39.550051,-105.782067,Colorado,Clinton 1st Term,1995,149
CO,39.550051,-105.782067,Colorado,Clinton 1st Term,1996,133
CO,39.550051,-105.782067,Colorado,Clinton 2nd Term,1997,115
CO,39.550051,-105.782067,Colorado,Clinton 2nd Term,1998,131
CO,39.550051,-105.782067,Colorado,Clinton 2nd Term,1999,155
CO,39.550051,-105.782067,Colorado,Clinton 2nd Term,2000,101
CO,39.550051,-105.782067,Colorado,Obama 1st Term,2009,208
CO,39.550051,-105.782067,Colorado,Obama 1st Term,2010,154
CO,39.550051,-105.782067,Colorado,Obama 1st Term,2011,186
CO,39.550051,-105.782067,Colorado,Obama 1st Term,2012,189
CO,39.550051,-105.782067,Colorado,Obama 2nd Term,2013,129
CO,39.550051,-105.782067,Colorado,Obama 2nd Term,2014,94
CO,39.550051,-105.782067,Colorado,Obama 2nd Term,2015,107
CO,39.550051,-105.782067,Colorado,Obama 2nd Term,2016,105
CO,39.550051,-105.782067,Colorado,Trump 1st Term,2017,77
CO,39.550051,-105.782067,Colorado,Trump 1st Term,2018,95
CO,39.550051,-105.782067,Colorado,W. Bush 1st Term,2001,126
CO,39.550051,-105.782067,Colorado,W. Bush 1st Term,2002,96
CO,39.550051,-105.782067,Colorado,W. Bush 1st Term,2003,86
CO,39.550051,-105.782067,Colorado,W. Bush 1st Term,2004,60
CO,39.550051,-105.782067,Colorado,W. Bush 2nd Term,2005,125
CO,39.550051,-105.782067,Colorado,W. Bush 2nd Term,2006,140
CO,39.550051,-105.782067,Colorado,W. Bush 2nd Term,2007,158
CO,39.550051,-105.782067,Colorado,W. Bush 2nd Term,2008,164
CT,41.603221000000005,-73.087749,Connecticut,Clinton 1st Term,1993,116
CT,41.603221000000005,-73.087749,Connecticut,Clinton 1st Term,1994,68
CT,41.603221000000005,-73.087749,Connecticut,Clinton 1st Term,1995,87
CT,41.603221000000005,-73.087749,Connecticut,Clinton 1st Term,1996,114
CT,41.603221000000005,-73.087749,Connecticut,Clinton 2nd Term,1997,113
CT,41.603221000000005,-73.087749,Connecticut,Clinton 2nd Term,1998,111
CT,41.603221000000005,-73.087749,Connecticut,Clinton 2nd Term,1999,138
CT,41.603221000000005,-73.087749,Connecticut,Clinton 2nd Term,2000,156
CT,41.603221000000005,-73.087749,Connecticut,Obama 1st Term,2009,200
CT,41.603221000000005,-73.087749,Connecticut,Obama 1st Term,2010,147
CT,41.603221000000005,-73.087749,Connecticut,Obama 1st Term,2011,142
CT,41.603221000000005,-73.087749,Connecticut,Obama 1st Term,2012,149
CT,41.603221000000005,-73.087749,Connecticut,Obama 2nd Term,2013,144
CT,41.603221000000005,-73.087749,Connecticut,Obama 2nd Term,2014,125
CT,41.603221000000005,-73.087749,Connecticut,Obama 2nd Term,2015,93
CT,41.603221000000005,-73.087749,Connecticut,Obama 2nd Term,2016,108
CT,41.603221000000005,-73.087749,Connecticut,Trump 1st Term,2017,110
CT,41.603221000000005,-73.087749,Connecticut,Trump 1st Term,2018,82
CT,41.603221000000005,-73.087749,Connecticut,W. Bush 1st Term,2001,171
CT,41.603221000000005,-73.087749,Connecticut,W. Bush 1st Term,2002,140
CT,41.603221000000005,-73.087749,Connecticut,W. Bush 1st Term,2003,147
CT,41.603221000000005,-73.087749,Connecticut,W. Bush 1st Term,2004,120
CT,41.603221000000005,-73.087749,Connecticut,W. Bush 2nd Term,2005,103
CT,41.603221000000005,-73.087749,Connecticut,W. Bush 2nd Term,2006,127
CT,41.603221000000005,-73.087749,Connecticut,W. Bush 2nd Term,2007,144
CT,41.603221000000005,-73.087749,Connecticut,W. Bush 2nd Term,2008,179
DC,38.905985,-77.03341800000001,District of Columbia,Clinton 1st Term,1993,10
DC,38.905985,-77.03341800000001,District of Columbia,Clinton 1st Term,1994,2
DC,38.905985,-77.03341800000001,District of Columbia,Clinton 1st Term,1995,4
DC,38.905985,-77.03341800000001,District of Columbia,Clinton 1st Term,1996,16
DC,38.905985,-77.03341800000001,District of Columbia,Clinton 2nd Term,1997,6
DC,38.905985,-77.03341800000001,District of Columbia,Clinton 2nd Term,1998,4
DC,38.905985,-77.03341800000001,District of Columbia,Clinton 2nd Term,1999,11
DC,38.905985,-77.03341800000001,District of Columbia,Clinton 2nd Term,2000,6
DC,38.905985,-77.03341800000001,District of Columbia,Obama 1st Term,2009,37
DC,38.905985,-77.03341800000001,District of Columbia,Obama 1st Term,2010,58
DC,38.905985,-77.03341800000001,District of Columbia,Obama 1st Term,2011,83
DC,38.905985,-77.03341800000001,District of Columbia,Obama 1st Term,2012,72
DC,38.905985,-77.03341800000001,District of Columbia,Obama 2nd Term,2013,72
DC,38.905985,-77.03341800000001,District of Columbia,Obama 2nd Term,2014,70
DC,38.905985,-77.03341800000001,District of Columbia,Obama 2nd Term,2015,65
DC,38.905985,-77.03341800000001,District of Columbia,Obama 2nd Term,2016,115
DC,38.905985,-77.03341800000001,District of Columbia,Trump 1st Term,2017,150
DC,38.905985,-77.03341800000001,District of Columbia,Trump 1st Term,2018,181
DC,38.905985,-77.03341800000001,District of Columbia,W. Bush 1st Term,2001,12
DC,38.905985,-77.03341800000001,District of Columbia,W. Bush 1st Term,2002,14
DC,38.905985,-77.03341800000001,District of Columbia,W. Bush 1st Term,2003,32
DC,38.905985,-77.03341800000001,District of Columbia,W. Bush 1st Term,2004,49
DC,38.905985,-77.03341800000001,District of Columbia,W. Bush 2nd Term,2005,49
DC,38.905985,-77.03341800000001,District of Columbia,W. Bush 2nd Term,2006,57
DC,38.905985,-77.03341800000001,District of Columbia,W. Bush 2nd Term,2007,41
DC,38.905985,-77.03341800000001,District of Columbia,W. Bush 2nd Term,2008,42
DE,38.910832,-75.52767,Delaware,Clinton 1st Term,1993,33
DE,38.910832,-75.52767,Delaware,Clinton 1st Term,1994,42
DE,38.910832,-75.52767,Delaware,Clinton 1st Term,1995,45
DE,38.910832,-75.52767,Delaware,Clinton 1st Term,1996,67
DE,38.910832,-75.52767,Delaware,Clinton 2nd Term,1997,58
DE,38.910832,-75.52767,Delaware,Clinton 2nd Term,1998,19
DE,38.910832,-75.52767,Delaware,Clinton 2nd Term,1999,37
DE,38.910832,-75.52767,Delaware,Clinton 2nd Term,2000,34
DE,38.910832,-75.52767,Delaware,Obama 1st Term,2009,37
DE,38.910832,-75.52767,Delaware,Obama 1st Term,2010,20
DE,38.910832,-75.52767,Delaware,Obama 1st Term,2011,16
DE,38.910832,-75.52767,Delaware,Obama 1st Term,2012,10
DE,38.910832,-75.52767,Delaware,Obama 2nd Term,2013,13
DE,38.910832,-75.52767,Delaware,Obama 2nd Term,2014,13
DE,38.910832,-75.52767,Delaware,Obama 2nd Term,2015,11
DE,38.910832,-75.52767,Delaware,Obama 2nd Term,2016,15
DE,38.910832,-75.52767,Delaware,Trump 1st Term,2017,29
DE,38.910832,-75.52767,Delaware,Trump 1st Term,2018,21
DE,38.910832,-75.52767,Delaware,W. Bush 1st Term,2001,17
DE,38.910832,-75.52767,Delaware,W. Bush 1st Term,2002,13
DE,38.910832,-75.52767,Delaware,W. Bush 1st Term,2003,20
DE,38.910832,-75.52767,Delaware,W. Bush 1st Term,2004,37
DE,38.910832,-75.52767,Delaware,W. Bush 2nd Term,2005,49
DE,38.910832,-75.52767,Delaware,W. Bush 2nd Term,2006,49
DE,38.910832,-75.52767,Delaware,W. Bush 2nd Term,2007,49
DE,38.910832,-75.52767,Delaware,W. Bush 2nd Term,2008,62
FL,27.664827000000002,-81.515754,Florida,Clinton 1st Term,1993,239
FL,27.664827000000002,-81.515754,Florida,Clinton 1st Term,1994,214
FL,27.664827000000002,-81.515754,Florida,Clinton 1st Term,1995,164
FL,27.664827000000002,-81.515754,Florida,Clinton 1st Term,1996,187
FL,27.664827000000002,-81.515754,Florida,Clinton 2nd Term,1997,127
FL,27.664827000000002,-81.515754,Florida,Clinton 2nd Term,1998,179
FL,27.664827000000002,-81.515754,Florida,Clinton 2nd Term,1999,267
FL,27.664827000000002,-81.515754,Florida,Clinton 2nd Term,2000,240
FL,27.664827000000002,-81.515754,Florida,Obama 1st Term,2009,130
FL,27.664827000000002,-81.515754,Florida,Obama 1st Term,2010,136
FL,27.664827000000002,-81.515754,Florida,Obama 1st Term,2011,123
FL,27.664827000000002,-81.515754,Florida,Obama 1st Term,2012,144
FL,27.664827000000002,-81.515754,Florida,Obama 2nd Term,2013,119
FL,27.664827000000002,-81.515754,Florida,Obama 2nd Term,2014,65
FL,27.664827000000002,-81.515754,Florida,Obama 2nd Term,2015,72
FL,27.664827000000002,-81.515754,Florida,Obama 2nd Term,2016,110
FL,27.664827000000002,-81.515754,Florida,Trump 1st Term,2017,119
FL,27.664827000000002,-81.515754,Florida,Trump 1st Term,2018,117
FL,27.664827000000002,-81.515754,Florida,W. Bush 1st Term,2001,302
FL,27.664827000000002,-81.515754,Florida,W. Bush 1st Term,2002,257
FL,27.664827000000002,-81.515754,Florida,W. Bush 1st Term,2003,231
FL,27.664827000000002,-81.515754,Florida,W. Bush 1st Term,2004,274
FL,27.664827000000002,-81.515754,Florida,W. Bush 2nd Term,2005,231
FL,27.664827000000002,-81.515754,Florida,W. Bush 2nd Term,2006,216
FL,27.664827000000002,-81.515754,Florida,W. Bush 2nd Term,2007,166
FL,27.664827000000002,-81.515754,Florida,W. Bush 2nd Term,2008,153
GA,32.157435,-82.907123,Georgia,Clinton 1st Term,1993,75
GA,32.157435,-82.907123,Georgia,Clinton 1st Term,1994,51
GA,32.157435,-82.907123,Georgia,Clinton 1st Term,1995,49
GA,32.157435,-82.907123,Georgia,Clinton 1st Term,1996,28
GA,32.157435,-82.907123,Georgia,Clinton 2nd Term,1997,45
GA,32.157435,-82.907123,Georgia,Clinton 2nd Term,1998,34
GA,32.157435,-82.907123,Georgia,Clinton 2nd Term,1999,36
GA,32.157435,-82.907123,Georgia,Clinton 2nd Term,2000,35
GA,32.157435,-82.907123,Georgia,Obama 1st Term,2009,11
GA,32.157435,-82.907123,Georgia,Obama 1st Term,2010,17
GA,32.157435,-82.907123,Georgia,Obama 1st Term,2011,17
GA,32.157435,-82.907123,Georgia,Obama 1st Term,2012,21
GA,32.157435,-82.907123,Georgia,Obama 2nd Term,2013,57
GA,32.157435,-82.907123,Georgia,Obama 2nd Term,2014,41
GA,32.157435,-82.907123,Georgia,Obama 2nd Term,2015,44
GA,32.157435,-82.907123,Georgia,Obama 2nd Term,2016,39
GA,32.157435,-82.907123,Georgia,Trump 1st Term,2017,22
GA,32.157435,-82.907123,Georgia,Trump 1st Term,2018,33
GA,32.157435,-82.907123,Georgia,W. Bush 1st Term,2001,39
GA,32.157435,-82.907123,Georgia,W. Bush 1st Term,2002,31
GA,32.157435,-82.907123,Georgia,W. Bush 1st Term,2003,23
GA,32.157435,-82.907123,Georgia,W. Bush 1st Term,2004,29
GA,32.157435,-82.907123,Georgia,W. Bush 2nd Term,2005,17
GA,32.157435,-82.907123,Georgia,W. Bush 2nd Term,2006,13
GA,32.157435,-82.907123,Georgia,W. Bush 2nd Term,2007,13
GA,32.157435,-82.907123,Georgia,W. Bush 2nd Term,2008,12
HI,19.898682,-155.66585700000002,Hawaii,Trump 1st Term,2018,44
IA,41.878003,-93.097702,Iowa,Clinton 1st Term,1993,39
IA,41.878003,-93.097702,Iowa,Clinton 1st Term,1994,61
IA,41.878003,-93.097702,Iowa,Clinton 1st Term,1995,29
IA,41.878003,-93.097702,Iowa,Clinton 1st Term,1996,43
IA,41.878003,-93.097702,Iowa,Clinton 2nd Term,1997,55
IA,41.878003,-93.097702,Iowa,Clinton 2nd Term,1998,42
IA,41.878003,-93.097702,Iowa,Clinton 2nd Term,1999,31
IA,41.878003,-93.097702,Iowa,Clinton 2nd Term,2000,34
IA,41.878003,-93.097702,Iowa,Obama 1st Term,2009,17
IA,41.878003,-93.097702,Iowa,Obama 1st Term,2010,17
IA,41.878003,-93.097702,Iowa,Obama 1st Term,2011,15
IA,41.878003,-93.097702,Iowa,Obama 1st Term,2012,8
IA,41.878003,-93.097702,Iowa,Obama 2nd Term,2013,10
IA,41.878003,-93.097702,Iowa,Obama 2nd Term,2014,11
IA,41.878003,-93.097702,Iowa,Obama 2nd Term,2015,6
IA,41.878003,-93.097702,Iowa,Obama 2nd Term,2016,17
IA,41.878003,-93.097702,Iowa,Trump 1st Term,2017,10
IA,41.878003,-93.097702,Iowa,Trump 1st Term,2018,15
IA,41.878003,-93.097702,Iowa,W. Bush 1st Term,2001,32
IA,41.878003,-93.097702,Iowa,W. Bush 1st Term,2002,47
IA,41.878003,-93.097702,Iowa,W. Bush 1st Term,2003,38
IA,41.878003,-93.097702,Iowa,W. Bush 1st Term,2004,27
IA,41.878003,-93.097702,Iowa,W. Bush 2nd Term,2005,31
IA,41.878003,-93.097702,Iowa,W. Bush 2nd Term,2006,29
IA,41.878003,-93.097702,Iowa,W. Bush 2nd Term,2007,28
IA,41.878003,-93.097702,Iowa,W. Bush 2nd Term,2008,33
ID,44.068202,-114.74204099999999,Idaho,Clinton 1st Term,1993,70
ID,44.068202,-114.74204099999999,Idaho,Clinton 1st Term,1994,80
ID,44.068202,-114.74204099999999,Idaho,Clinton 1st Term,1995,114
ID,44.068202,-114.74204099999999,Idaho,Clinton 1st Term,1996,72
ID,44.068202,-114.74204099999999,Idaho,Clinton 2nd Term,1997,46
ID,44.068202,-114.74204099999999,Idaho,Clinton 2nd Term,1998,56
ID,44.068202,-114.74204099999999,Idaho,Clinton 2nd Term,1999,34
ID,44.068202,-114.74204099999999,Idaho,Clinton 2nd Term,2000,46
ID,44.068202,-114.74204099999999,Idaho,Obama 1st Term,2009,35
ID,44.068202,-114.74204099999999,Idaho,Obama 1st Term,2010,28
ID,44.068202,-114.74204099999999,Idaho,Obama 1st Term,2011,37
ID,44.068202,-114.74204099999999,Idaho,Obama 1st Term,2012,35
ID,44.068202,-114.74204099999999,Idaho,Obama 2nd Term,2013,32
ID,44.068202,-114.74204099999999,Idaho,Obama 2nd Term,2014,26
ID,44.068202,-114.74204099999999,Idaho,Obama 2nd Term,2015,34
ID,44.068202,-114.74204099999999,Idaho,Obama 2nd Term,2016,27
ID,44.068202,-114.74204099999999,Idaho,Trump 1st Term,2017,43
ID,44.068202,-114.74204099999999,Idaho,Trump 1st Term,2018,24
ID,44.068202,-114.74204099999999,Idaho,W. Bush 1st Term,2001,34
ID,44.068202,-114.74204099999999,Idaho,W. Bush 1st Term,2002,43
ID,44.068202,-114.74204099999999,Idaho,W. Bush 1st Term,2003,20
ID,44.068202,-114.74204099999999,Idaho,W. Bush 1st Term,2004,37
ID,44.068202,-114.74204099999999,Idaho,W. Bush 2nd Term,2005,28
ID,44.068202,-114.74204099999999,Idaho,W. Bush 2nd Term,2006,22
ID,44.068202,-114.74204099999999,Idaho,W. Bush 2nd Term,2007,38
ID,44.068202,-114.74204099999999,Idaho,W. Bush 2nd Term,2008,30
IL,40.633125,-89.398528,Illinois,Clinton 1st Term,1993,745
IL,40.633125,-89.398528,Illinois,Clinton 1st Term,1994,239
IL,40.633125,-89.398528,Illinois,Clinton 1st Term,1995,146
IL,40.633125,-89.398528,Illinois,Clinton 1st Term,1996,348
IL,40.633125,-89.398528,Illinois,Clinton 2nd Term,1997,339
IL,40.633125,-89.398528,Illinois,Clinton 2nd Term,1998,277
IL,40.633125,-89.398528,Illinois,Clinton 2nd Term,1999,247
IL,40.633125,-89.398528,Illinois,Clinton 2nd Term,2000,183
IL,40.633125,-89.398528,Illinois,Obama 1st Term,2009,129
IL,40.633125,-89.398528,Illinois,Obama 1st Term,2010,94
IL,40.633125,-89.398528,Illinois,Obama 1st Term,2011,69
IL,40.633125,-89.398528,Illinois,Obama 1st Term,2012,85
IL,40.633125,-89.398528,Illinois,Obama 2nd Term,2013,107
IL,40.633125,-89.398528,Illinois,Obama 2nd Term,2014,109
IL,40.633125,-89.398528,Illinois,Obama 2nd Term,2015,90
IL,40.633125,-89.398528,Illinois,Obama 2nd Term,2016,110
IL,40.633125,-89.398528,Illinois,Trump 1st Term,2017,76
IL,40.633125,-89.398528,Illinois,Trump 1st Term,2018,100
IL,40.633125,-89.398528,Illinois,W. Bush 1st Term,2001,282
IL,40.633125,-89.398528,Illinois,W. Bush 1st Term,2002,158
IL,40.633125,-89.398528,Illinois,W. Bush 1st Term,2003,208
IL,40.633125,-89.398528,Illinois,W. Bush 1st Term,2004,188
IL,40.633125,-89.398528,Illinois,W. Bush 2nd Term,2005,168
IL,40.633125,-89.398528,Illinois,W. Bush 2nd Term,2006,156
IL,40.633125,-89.398528,Illinois,W. Bush 2nd Term,2007,167
IL,40.633125,-89.398528,Illinois,W. Bush 2nd Term,2008,120
IN,40.551217,-85.602364,Indiana,Clinton 1st Term,1993,82
IN,40.551217,-85.602364,Indiana,Clinton 1st Term,1994,32
IN,40.551217,-85.602364,Indiana,Clinton 1st Term,1995,35
IN,40.551217,-85.602364,Indiana,Clinton 1st Term,1996,36
IN,40.551217,-85.602364,Indiana,Clinton 2nd Term,1997,62
IN,40.551217,-85.602364,Indiana,Clinton 2nd Term,1998,50
IN,40.551217,-85.602364,Indiana,Clinton 2nd Term,1999,112
IN,40.551217,-85.602364,Indiana,Clinton 2nd Term,2000,114
IN,40.551217,-85.602364,Indiana,Obama 1st Term,2009,55
IN,40.551217,-85.602364,Indiana,Obama 1st Term,2010,94
IN,40.551217,-85.602364,Indiana,Obama 1st Term,2011,100
IN,40.551217,-85.602364,Indiana,Obama 1st Term,2012,37
IN,40.551217,-85.602364,Indiana,Obama 2nd Term,2013,75
IN,40.551217,-85.602364,Indiana,Obama 2nd Term,2014,51
IN,40.551217,-85.602364,Indiana,Obama 2nd Term,2015,63
IN,40.551217,-85.602364,Indiana,Obama 2nd Term,2016,78
IN,40.551217,-85.602364,Indiana,Trump 1st Term,2017,93
IN,40.551217,-85.602364,Indiana,Trump 1st Term,2018,95
IN,40.551217,-85.602364,Indiana,W. Bush 1st Term,2001,139
IN,40.551217,-85.602364,Indiana,W. Bush 1st Term,2002,78
IN,40.551217,-85.602364,Indiana,W. Bush 1st Term,2003,65
IN,40.551217,-85.602364,Indiana,W. Bush 1st Term,2004,82
IN,40.551217,-85.602364,Indiana,W. Bush 2nd Term,2005,54
IN,40.551217,-85.602364,Indiana,W. Bush 2nd Term,2006,40
IN,40.551217,-85.602364,Indiana,W. Bush 2nd Term,2007,41
IN,40.551217,-85.602364,Indiana,W. Bush 2nd Term,2008,61
KS,39.011902,-98.484246,Kansas,Clinton 1st Term,1996,28
KS,39.011902,-98.484246,Kansas,Clinton 2nd Term,1997,55
KS,39.011902,-98.484246,Kansas,Clinton 2nd Term,1998,54
KS,39.011902,-98.484246,Kansas,Clinton 2nd Term,1999,41
KS,39.011902,-98.484246,Kansas,Clinton 2nd Term,2000,75
KS,39.011902,-98.484246,Kansas,Obama 1st Term,2009,122
KS,39.011902,-98.484246,Kansas,Obama 1st Term,2010,58
KS,39.011902,-98.484246,Kansas,Obama 1st Term,2011,69
KS,39.011902,-98.484246,Kansas,Obama 1st Term,2012,84
KS,39.011902,-98.484246,Kansas,Obama 2nd Term,2013,68
KS,39.011902,-98.484246,Kansas,Obama 2nd Term,2014,75
KS,39.011902,-98.484246,Kansas,Obama 2nd Term,2015,62
KS,39.011902,-98.484246,Kansas,Obama 2nd Term,2016,52
KS,39.011902,-98.484246,Kansas,Trump 1st Term,2017,77
KS,39.011902,-98.484246,Kansas,Trump 1st Term,2018,73
KS,39.011902,-98.484246,Kansas,W. Bush 1st Term,2001,82
KS,39.011902,-98.484246,Kansas,W. Bush 1st Term,2002,56
KS,39.011902,-98.484246,Kansas,W. Bush 1st Term,2003,49
KS,39.011902,-98.484246,Kansas,W. Bush 1st Term,2004,49
KS,39.011902,-98.484246,Kansas,W. Bush 2nd Term,2005,73
KS,39.011902,-98.484246,Kansas,W. Bush 2nd Term,2006,111
KS,39.011902,-98.484246,Kansas,W. Bush 2nd Term,2007,111
KS,39.011902,-98.484246,Kansas,W. Bush 2nd Term,2008,115
KY,37.839333,-84.27001800000001,Kentucky,Clinton 1st Term,1993,13
KY,37.839333,-84.27001800000001,Kentucky,Clinton 1st Term,1994,4
KY,37.839333,-84.27001800000001,Kentucky,Clinton 1st Term,1995,81
KY,37.839333,-84.27001800000001,Kentucky,Clinton 1st Term,1996,109
KY,37.839333,-84.27001800000001,Kentucky,Clinton 2nd Term,1997,48
KY,37.839333,-84.27001800000001,Kentucky,Clinton 2nd Term,1998,48
KY,37.839333,-84.27001800000001,Kentucky,Clinton 2nd Term,1999,71
KY,37.839333,-84.27001800000001,Kentucky,Clinton 2nd Term,2000,76
KY,37.839333,-84.27001800000001,Kentucky,Obama 1st Term,2009,153
KY,37.839333,-84.27001800000001,Kentucky,Obama 1st Term,2010,173
KY,37.839333,-84.27001800000001,Kentucky,Obama 1st Term,2011,157
KY,37.839333,-84.27001800000001,Kentucky,Obama 1st Term,2012,204
KY,37.839333,-84.27001800000001,Kentucky,Obama 2nd Term,2013,172
KY,37.839333,-84.27001800000001,Kentucky,Obama 2nd Term,2014,165
KY,37.839333,-84.27001800000001,Kentucky,Obama 2nd Term,2015,188
KY,37.839333,-84.27001800000001,Kentucky,Obama 2nd Term,2016,214
KY,37.839333,-84.27001800000001,Kentucky,Trump 1st Term,2017,380
KY,37.839333,-84.27001800000001,Kentucky,Trump 1st Term,2018,243
KY,37.839333,-84.27001800000001,Kentucky,W. Bush 1st Term,2001,83
KY,37.839333,-84.27001800000001,Kentucky,W. Bush 1st Term,2002,79
KY,37.839333,-84.27001800000001,Kentucky,W. Bush 1st Term,2003,81
KY,37.839333,-84.27001800000001,Kentucky,W. Bush 1st Term,2004,71
KY,37.839333,-84.27001800000001,Kentucky,W. Bush 2nd Term,2005,46
KY,37.839333,-84.27001800000001,Kentucky,W. Bush 2nd Term,2006,66
KY,37.839333,-84.27001800000001,Kentucky,W. Bush 2nd Term,2007,49
KY,37.839333,-84.27001800000001,Kentucky,W. Bush 2nd Term,2008,79
LA,31.244822999999997,-92.14502399999999,Louisiana,Clinton 1st Term,1993,23
LA,31.244822999999997,-92.14502399999999,Louisiana,Clinton 1st Term,1994,9
LA,31.244822999999997,-92.14502399999999,Louisiana,Clinton 1st Term,1995,7
LA,31.244822999999997,-92.14502399999999,Louisiana,Clinton 1st Term,1996,6
LA,31.244822999999997,-92.14502399999999,Louisiana,Clinton 2nd Term,1997,4
LA,31.244822999999997,-92.14502399999999,Louisiana,Clinton 2nd Term,1998,10
LA,31.244822999999997,-92.14502399999999,Louisiana,Clinton 2nd Term,1999,6
LA,31.244822999999997,-92.14502399999999,Louisiana,Clinton 2nd Term,2000,12
LA,31.244822999999997,-92.14502399999999,Louisiana,Obama 1st Term,2009,13
LA,31.244822999999997,-92.14502399999999,Louisiana,Obama 1st Term,2010,13
LA,31.244822999999997,-92.14502399999999,Louisiana,Obama 1st Term,2011,5
LA,31.244822999999997,-92.14502399999999,Louisiana,Obama 1st Term,2012,4
LA,31.244822999999997,-92.14502399999999,Louisiana,Obama 2nd Term,2013,24
LA,31.244822999999997,-92.14502399999999,Louisiana,Obama 2nd Term,2014,9
LA,31.244822999999997,-92.14502399999999,Louisiana,Obama 2nd Term,2015,40
LA,31.244822999999997,-92.14502399999999,Louisiana,Obama 2nd Term,2016,26
LA,31.244822999999997,-92.14502399999999,Louisiana,Trump 1st Term,2017,42
LA,31.244822999999997,-92.14502399999999,Louisiana,Trump 1st Term,2018,47
LA,31.244822999999997,-92.14502399999999,Louisiana,W. Bush 1st Term,2001,10
LA,31.244822999999997,-92.14502399999999,Louisiana,W. Bush 1st Term,2002,15
LA,31.244822999999997,-92.14502399999999,Louisiana,W. Bush 1st Term,2003,6
LA,31.244822999999997,-92.14502399999999,Louisiana,W. Bush 1st Term,2004,24
LA,31.244822999999997,-92.14502399999999,Louisiana,W. Bush 2nd Term,2005,17
LA,31.244822999999997,-92.14502399999999,Louisiana,W. Bush 2nd Term,2006,22
LA,31.244822999999997,-92.14502399999999,Louisiana,W. Bush 2nd Term,2007,31
LA,31.244822999999997,-92.14502399999999,Louisiana,W. Bush 2nd Term,2008,67
MA,42.407211,-71.382437,Massachusetts,Clinton 1st Term,1993,343
MA,42.407211,-71.382437,Massachusetts,Clinton 1st Term,1995,333
MA,42.407211,-71.382437,Massachusetts,Clinton 1st Term,1996,456
MA,42.407211,-71.382437,Massachusetts,Clinton 2nd Term,1997,444
MA,42.407211,-71.382437,Massachusetts,Clinton 2nd Term,1998,443
MA,42.407211,-71.382437,Massachusetts,Clinton 2nd Term,1999,448
MA,42.407211,-71.382437,Massachusetts,Clinton 2nd Term,2000,470
MA,42.407211,-71.382437,Massachusetts,Obama 1st Term,2009,317
MA,42.407211,-71.382437,Massachusetts,Obama 1st Term,2010,316
MA,42.407211,-71.382437,Massachusetts,Obama 1st Term,2011,368
MA,42.407211,-71.382437,Massachusetts,Obama 1st Term,2012,290
MA,42.407211,-71.382437,Massachusetts,Obama 2nd Term,2013,351
MA,42.407211,-71.382437,Massachusetts,Obama 2nd Term,2014,376
MA,42.407211,-71.382437,Massachusetts,Obama 2nd Term,2015,416
MA,42.407211,-71.382437,Massachusetts,Obama 2nd Term,2016,399
MA,42.407211,-71.382437,Massachusetts,Trump 1st Term,2017,432
MA,42.407211,-71.382437,Massachusetts,Trump 1st Term,2018,352
MA,42.407211,-71.382437,Massachusetts,W. Bush 1st Term,2001,591
MA,42.407211,-71.382437,Massachusetts,W. Bush 1st Term,2002,427
MA,42.407211,-71.382437,Massachusetts,W. Bush 1st Term,2003,401
MA,42.407211,-71.382437,Massachusetts,W. Bush 1st Term,2004,358
MA,42.407211,-71.382437,Massachusetts,W. Bush 2nd Term,2005,374
MA,42.407211,-71.382437,Massachusetts,W. Bush 2nd Term,2006,384
MA,42.407211,-71.382437,Massachusetts,W. Bush 2nd Term,2007,353
MA,42.407211,-71.382437,Massachusetts,W. Bush 2nd Term,2008,336
MD,39.045755,-76.641271,Maryland,Clinton 1st Term,1993,405
MD,39.045755,-76.641271,Maryland,Clinton 1st Term,1994,331
MD,39.045755,-76.641271,Maryland,Clinton 1st Term,1995,353
MD,39.045755,-76.641271,Maryland,Clinton 1st Term,1996,387
MD,39.045755,-76.641271,Maryland,Clinton 2nd Term,1997,323
MD,39.045755,-76.641271,Maryland,Clinton 2nd Term,1998,282
MD,39.045755,-76.641271,Maryland,Clinton 2nd Term,1999,230
MD,39.045755,-76.641271,Maryland,Clinton 2nd Term,2000,218
MD,39.045755,-76.641271,Maryland,Obama 1st Term,2009,102
MD,39.045755,-76.641271,Maryland,Obama 1st Term,2010,80
MD,39.045755,-76.641271,Maryland,Obama 1st Term,2011,49
MD,39.045755,-76.641271,Maryland,Obama 1st Term,2012,35
MD,39.045755,-76.641271,Maryland,Obama 2nd Term,2013,51
MD,39.045755,-76.641271,Maryland,Obama 2nd Term,2014,16
MD,39.045755,-76.641271,Maryland,Obama 2nd Term,2015,41
MD,39.045755,-76.641271,Maryland,Obama 2nd Term,2016,39
MD,39.045755,-76.641271,Maryland,Trump 1st Term,2017,90
MD,39.045755,-76.641271,Maryland,Trump 1st Term,2018,48
MD,39.045755,-76.641271,Maryland,W. Bush 1st Term,2001,240
MD,39.045755,-76.641271,Maryland,W. Bush 1st Term,2002,217
MD,39.045755,-76.641271,Maryland,W. Bush 1st Term,2003,248
MD,39.045755,-76.641271,Maryland,W. Bush 1st Term,2004,245
MD,39.045755,-76.641271,Maryland,W. Bush 2nd Term,2005,195
MD,39.045755,-76.641271,Maryland,W. Bush 2nd Term,2006,212
MD,39.045755,-76.641271,Maryland,W. Bush 2nd Term,2007,151
MD,39.045755,-76.641271,Maryland,W. Bush 2nd Term,2008,100
ME,45.253783,-69.44546899999999,Maine,Clinton 1st Term,1993,32
ME,45.253783,-69.44546899999999,Maine,Clinton 1st Term,1994,7
ME,45.253783,-69.44546899999999,Maine,Clinton 1st Term,1995,75
ME,45.253783,-69.44546899999999,Maine,Clinton 1st Term,1996,58
ME,45.253783,-69.44546899999999,Maine,Clinton 2nd Term,1997,57
ME,45.253783,-69.44546899999999,Maine,Clinton 2nd Term,1998,57
ME,45.253783,-69.44546899999999,Maine,Clinton 2nd Term,1999,22
ME,45.253783,-69.44546899999999,Maine,Clinton 2nd Term,2000,28
ME,45.253783,-69.44546899999999,Maine,Obama 1st Term,2009,50
ME,45.253783,-69.44546899999999,Maine,Obama 1st Term,2010,61
ME,45.253783,-69.44546899999999,Maine,Obama 1st Term,2011,55
ME,45.253783,-69.44546899999999,Maine,Obama 1st Term,2012,52
ME,45.253783,-69.44546899999999,Maine,Obama 2nd Term,2013,25
ME,45.253783,-69.44546899999999,Maine,Obama 2nd Term,2014,28
ME,45.253783,-69.44546899999999,Maine,Obama 2nd Term,2015,38
ME,45.253783,-69.44546899999999,Maine,Obama 2nd Term,2016,41
ME,45.253783,-69.44546899999999,Maine,Trump 1st Term,2017,31
ME,45.253783,-69.44546899999999,Maine,Trump 1st Term,2018,20
ME,45.253783,-69.44546899999999,Maine,W. Bush 1st Term,2001,32
ME,45.253783,-69.44546899999999,Maine,W. Bush 1st Term,2002,36
ME,45.253783,-69.44546899999999,Maine,W. Bush 1st Term,2003,77
ME,45.253783,-69.44546899999999,Maine,W. Bush 1st Term,2004,68
ME,45.253783,-69.44546899999999,Maine,W. Bush 2nd Term,2005,57
ME,45.253783,-69.44546899999999,Maine,W. Bush 2nd Term,2006,57
ME,45.253783,-69.44546899999999,Maine,W. Bush 2nd Term,2007,72
ME,45.253783,-69.44546899999999,Maine,W. Bush 2nd Term,2008,63
MI,44.314844,-85.602364,Michigan,Clinton 1st Term,1993,248
MI,44.314844,-85.602364,Michigan,Clinton 1st Term,1994,252
MI,44.314844,-85.602364,Michigan,Clinton 1st Term,1995,407
MI,44.314844,-85.602364,Michigan,Clinton 1st Term,1996,514
MI,44.314844,-85.602364,Michigan,Clinton 2nd Term,1997,463
MI,44.314844,-85.602364,Michigan,Clinton 2nd Term,1998,392
MI,44.314844,-85.602364,Michigan,Clinton 2nd Term,1999,412
MI,44.314844,-85.602364,Michigan,Clinton 2nd Term,2000,423
MI,44.314844,-85.602364,Michigan,Obama 1st Term,2009,315
MI,44.314844,-85.602364,Michigan,Obama 1st Term,2010,304
MI,44.314844,-85.602364,Michigan,Obama 1st Term,2011,378
MI,44.314844,-85.602364,Michigan,Obama 1st Term,2012,634
MI,44.314844,-85.602364,Michigan,Obama 2nd Term,2013,333
MI,44.314844,-85.602364,Michigan,Obama 2nd Term,2014,320
MI,44.314844,-85.602364,Michigan,Obama 2nd Term,2015,309
MI,44.314844,-85.602364,Michigan,Obama 2nd Term,2016,406
MI,44.314844,-85.602364,Michigan,Trump 1st Term,2017,452
MI,44.314844,-85.602364,Michigan,Trump 1st Term,2018,437
MI,44.314844,-85.602364,Michigan,W. Bush 1st Term,2001,442
MI,44.314844,-85.602364,Michigan,W. Bush 1st Term,2002,421
MI,44.314844,-85.602364,Michigan,W. Bush 1st Term,2003,421
MI,44.314844,-85.602364,Michigan,W. Bush 1st Term,2004,559
MI,44.314844,-85.602364,Michigan,W. Bush 2nd Term,2005,607
MI,44.314844,-85.602364,Michigan,W. Bush 2nd Term,2006,614
MI,44.314844,-85.602364,Michigan,W. Bush 2nd Term,2007,636
MI,44.314844,-85.602364,Michigan,W. Bush 2nd Term,2008,577
MN,46.729553,-94.6859,Minnesota,Clinton 1st Term,1995,285
MN,46.729553,-94.6859,Minnesota,Clinton 1st Term,1996,268
MN,46.729553,-94.6859,Minnesota,Clinton 2nd Term,1997,214
MN,46.729553,-94.6859,Minnesota,Clinton 2nd Term,1998,248
MN,46.729553,-94.6859,Minnesota,Clinton 2nd Term,1999,226
MN,46.729553,-94.6859,Minnesota,Clinton 2nd Term,2000,169
MN,46.729553,-94.6859,Minnesota,Obama 1st Term,2009,153
MN,46.729553,-94.6859,Minnesota,Obama 1st Term,2010,127
MN,46.729553,-94.6859,Minnesota,Obama 1st Term,2011,148
MN,46.729553,-94.6859,Minnesota,Obama 1st Term,2012,72
MN,46.729553,-94.6859,Minnesota,Obama 2nd Term,2013,144
MN,46.729553,-94.6859,Minnesota,Obama 2nd Term,2014,98
MN,46.729553,-94.6859,Minnesota,Obama 2nd Term,2015,109
MN,46.729553,-94.6859,Minnesota,Obama 2nd Term,2016,119
MN,46.729553,-94.6859,Minnesota,Trump 1st Term,2017,122
MN,46.729553,-94.6859,Minnesota,Trump 1st Term,2018,115
MN,46.729553,-94.6859,Minnesota,W. Bush 1st Term,2001,208
MN,46.729553,-94.6859,Minnesota,W. Bush 1st Term,2002,203
MN,46.729553,-94.6859,Minnesota,W. Bush 1st Term,2003,215
MN,46.729553,-94.6859,Minnesota,W. Bush 1st Term,2004,239
MN,46.729553,-94.6859,Minnesota,W. Bush 2nd Term,2005,206
MN,46.729553,-94.6859,Minnesota,W. Bush 2nd Term,2006,137
MN,46.729553,-94.6859,Minnesota,W. Bush 2nd Term,2007,157
MN,46.729553,-94.6859,Minnesota,W. Bush 2nd Term,2008,164
MO,37.964253,-91.83183299999999,Missouri,Clinton 1st Term,1993,167
MO,37.964253,-91.83183299999999,Missouri,Clinton 1st Term,1994,140
MO,37.964253,-91.83183299999999,Missouri,Clinton 1st Term,1995,135
MO,37.964253,-91.83183299999999,Missouri,Clinton 1st Term,1996,150
MO,37.964253,-91.83183299999999,Missouri,Clinton 2nd Term,1997,158
MO,37.964253,-91.83183299999999,Missouri,Clinton 2nd Term,1998,120
MO,37.964253,-91.83183299999999,Missouri,Clinton 2nd Term,1999,84
MO,37.964253,-91.83183299999999,Missouri,Clinton 2nd Term,2000,70
MO,37.964253,-91.83183299999999,Missouri,Obama 1st Term,2009,125
MO,37.964253,-91.83183299999999,Missouri,Obama 1st Term,2010,142
MO,37.964253,-91.83183299999999,Missouri,Obama 1st Term,2011,121
MO,37.964253,-91.83183299999999,Missouri,Obama 1st Term,2012,104
MO,37.964253,-91.83183299999999,Missouri,Obama 2nd Term,2013,105
MO,37.964253,-91.83183299999999,Missouri,Obama 2nd Term,2014,76
MO,37.964253,-91.83183299999999,Missouri,Obama 2nd Term,2015,100
MO,37.964253,-91.83183299999999,Missouri,Obama 2nd Term,2016,89
MO,37.964253,-91.83183299999999,Missouri,Trump 1st Term,2017,100
MO,37.964253,-91.83183299999999,Missouri,Trump 1st Term,2018,73
MO,37.964253,-91.83183299999999,Missouri,W. Bush 1st Term,2001,91
MO,37.964253,-91.83183299999999,Missouri,W. Bush 1st Term,2002,65
MO,37.964253,-91.83183299999999,Missouri,W. Bush 1st Term,2003,55
MO,37.964253,-91.83183299999999,Missouri,W. Bush 1st Term,2004,71
MO,37.964253,-91.83183299999999,Missouri,W. Bush 2nd Term,2005,78
MO,37.964253,-91.83183299999999,Missouri,W. Bush 2nd Term,2006,82
MO,37.964253,-91.83183299999999,Missouri,W. Bush 2nd Term,2007,114
MO,37.964253,-91.83183299999999,Missouri,W. Bush 2nd Term,2008,99
MS,32.354668,-89.398528,Mississippi,Clinton 1st Term,1994,6
MS,32.354668,-89.398528,Mississippi,Clinton 1st Term,1995,6
MS,32.354668,-89.398528,Mississippi,Clinton 1st Term,1996,3
MS,32.354668,-89.398528,Mississippi,Clinton 2nd Term,1998,3
MS,32.354668,-89.398528,Mississippi,Clinton 2nd Term,1999,2
MS,32.354668,-89.398528,Mississippi,Clinton 2nd Term,2000,2
MS,32.354668,-89.398528,Mississippi,Obama 1st Term,2009,2
MS,32.354668,-89.398528,Mississippi,Obama 1st Term,2010,11
MS,32.354668,-89.398528,Mississippi,Obama 1st Term,2011,1
MS,32.354668,-89.398528,Mississippi,Obama 1st Term,2012,18
MS,32.354668,-89.398528,Mississippi,Obama 2nd Term,2013,4
MS,32.354668,-89.398528,Mississippi,Obama 2nd Term,2014,2
MS,32.354668,-89.398528,Mississippi,Obama 2nd Term,2016,20
MS,32.354668,-89.398528,Mississippi,Trump 1st Term,2017,46
MS,32.354668,-89.398528,Mississippi,Trump 1st Term,2018,9
MS,32.354668,-89.398528,Mississippi,W. Bush 1st Term,2001,3
MS,32.354668,-89.398528,Mississippi,W. Bush 1st Term,2002,3
MS,32.354668,-89.398528,Mississippi,W. Bush 1st Term,2003,1
MS,32.354668,-89.398528,Mississippi,W. Bush 1st Term,2004,2
MS,32.354668,-89.398528,Mississippi,W. Bush 2nd Term,2008,4
MT,46.879682,-110.36256599999999,Montana,Clinton 1st Term,1993,21
MT,46.879682,-110.36256599999999,Montana,Clinton 1st Term,1995,11
MT,46.879682,-110.36256599999999,Montana,Clinton 1st Term,1996,10
MT,46.879682,-110.36256599999999,Montana,Clinton 2nd Term,1997,15
MT,46.879682,-110.36256599999999,Montana,Clinton 2nd Term,1998,22
MT,46.879682,-110.36256599999999,Montana,Clinton 2nd Term,1999,28
MT,46.879682,-110.36256599999999,Montana,Clinton 2nd Term,2000,19
MT,46.879682,-110.36256599999999,Montana,Obama 1st Term,2009,28
MT,46.879682,-110.36256599999999,Montana,Obama 1st Term,2010,31
MT,46.879682,-110.36256599999999,Montana,Obama 1st Term,2011,23
MT,46.879682,-110.36256599999999,Montana,Obama 1st Term,2012,36
MT,46.879682,-110.36256599999999,Montana,Obama 2nd Term,2013,36
MT,46.879682,-110.36256599999999,Montana,Obama 2nd Term,2014,35
MT,46.879682,-110.36256599999999,Montana,Obama 2nd Term,2015,45
MT,46.879682,-110.36256599999999,Montana,Obama 2nd Term,2016,21
MT,46.879682,-110.36256599999999,Montana,Trump 1st Term,2017,21
MT,46.879682,-110.36256599999999,Montana,Trump 1st Term,2018,11
MT,46.879682,-110.36256599999999,Montana,W. Bush 1st Term,2001,13
MT,46.879682,-110.36256599999999,Montana,W. Bush 1st Term,2002,13
MT,46.879682,-110.36256599999999,Montana,W. Bush 1st Term,2003,5
MT,46.879682,-110.36256599999999,Montana,W. Bush 1st Term,2004,50
MT,46.879682,-110.36256599999999,Montana,W. Bush 2nd Term,2005,65
MT,46.879682,-110.36256599999999,Montana,W. Bush 2nd Term,2006,24
MT,46.879682,-110.36256599999999,Montana,W. Bush 2nd Term,2007,21
MT,46.879682,-110.36256599999999,Montana,W. Bush 2nd Term,2008,28
NC,35.759572999999996,-79.0193,North Carolina,Clinton 1st Term,1993,10
NC,35.759572999999996,-79.0193,North Carolina,Clinton 1st Term,1994,7
NC,35.759572999999996,-79.0193,North Carolina,Clinton 1st Term,1995,52
NC,35.759572999999996,-79.0193,North Carolina,Clinton 1st Term,1996,34
NC,35.759572999999996,-79.0193,North Carolina,Clinton 2nd Term,1997,42
NC,35.759572999999996,-79.0193,North Carolina,Clinton 2nd Term,1998,39
NC,35.759572999999996,-79.0193,North Carolina,Clinton 2nd Term,1999,31
NC,35.759572999999996,-79.0193,North Carolina,Clinton 2nd Term,2000,39
NC,35.759572999999996,-79.0193,North Carolina,Obama 1st Term,2009,103
NC,35.759572999999996,-79.0193,North Carolina,Obama 1st Term,2010,94
NC,35.759572999999996,-79.0193,North Carolina,Obama 1st Term,2011,112
NC,35.759572999999996,-79.0193,North Carolina,Obama 1st Term,2012,119
NC,35.759572999999996,-79.0193,North Carolina,Obama 2nd Term,2013,118
NC,35.759572999999996,-79.0193,North Carolina,Obama 2nd Term,2014,140
NC,35.759572999999996,-79.0193,North Carolina,Obama 2nd Term,2015,161
NC,35.759572999999996,-79.0193,North Carolina,Obama 2nd Term,2016,148
NC,35.759572999999996,-79.0193,North Carolina,Trump 1st Term,2017,144
NC,35.759572999999996,-79.0193,North Carolina,Trump 1st Term,2018,124
NC,35.759572999999996,-79.0193,North Carolina,W. Bush 1st Term,2001,84
NC,35.759572999999996,-79.0193,North Carolina,W. Bush 1st Term,2002,62
NC,35.759572999999996,-79.0193,North Carolina,W. Bush 1st Term,2003,77
NC,35.759572999999996,-79.0193,North Carolina,W. Bush 1st Term,2004,67
NC,35.759572999999996,-79.0193,North Carolina,W. Bush 2nd Term,2005,89
NC,35.759572999999996,-79.0193,North Carolina,W. Bush 2nd Term,2006,100
NC,35.759572999999996,-79.0193,North Carolina,W. Bush 2nd Term,2007,75
NC,35.759572999999996,-79.0193,North Carolina,W. Bush 2nd Term,2008,124
ND,47.551493,-101.002012,North Dakota,Clinton 1st Term,1993,1
ND,47.551493,-101.002012,North Dakota,Clinton 1st Term,1994,5
ND,47.551493,-101.002012,North Dakota,Clinton 1st Term,1995,3
ND,47.551493,-101.002012,North Dakota,Clinton 1st Term,1996,2
ND,47.551493,-101.002012,North Dakota,Clinton 2nd Term,1997,2
ND,47.551493,-101.002012,North Dakota,Clinton 2nd Term,1998,2
ND,47.551493,-101.002012,North Dakota,Clinton 2nd Term,1999,2
ND,47.551493,-101.002012,North Dakota,Clinton 2nd Term,2000,5
ND,47.551493,-101.002012,North Dakota,Obama 1st Term,2009,14
ND,47.551493,-101.002012,North Dakota,Obama 1st Term,2010,8
ND,47.551493,-101.002012,North Dakota,Obama 1st Term,2011,27
ND,47.551493,-101.002012,North Dakota,Obama 1st Term,2012,42
ND,47.551493,-101.002012,North Dakota,Obama 2nd Term,2013,51
ND,47.551493,-101.002012,North Dakota,Obama 2nd Term,2014,41
ND,47.551493,-101.002012,North Dakota,Obama 2nd Term,2015,36
ND,47.551493,-101.002012,North Dakota,Obama 2nd Term,2016,13
ND,47.551493,-101.002012,North Dakota,Trump 1st Term,2017,15
ND,47.551493,-101.002012,North Dakota,Trump 1st Term,2018,10
ND,47.551493,-101.002012,North Dakota,W. Bush 1st Term,2001,16
ND,47.551493,-101.002012,North Dakota,W. Bush 1st Term,2002,18
ND,47.551493,-101.002012,North Dakota,W. Bush 1st Term,2003,10
ND,47.551493,-101.002012,North Dakota,W. Bush 1st Term,2004,10
ND,47.551493,-101.002012,North Dakota,W. Bush 2nd Term,2005,12
ND,47.551493,-101.002012,North Dakota,W. Bush 2nd Term,2006,16
ND,47.551493,-101.002012,North Dakota,W. Bush 2nd Term,2007,14
ND,47.551493,-101.002012,North Dakota,W. Bush 2nd Term,2008,16
NH,43.193852,-71.572395,New Hampshire,Clinton 1st Term,1994,3
NH,43.193852,-71.572395,New Hampshire,Clinton 1st Term,1995,24
NH,43.193852,-71.572395,New Hampshire,Clinton 1st Term,1996,1
NH,43.193852,-71.572395,New Hampshire,Clinton 2nd Term,1998,16
NH,43.193852,-71.572395,New Hampshire,Clinton 2nd Term,1999,20
NH,43.193852,-71.572395,New Hampshire,Clinton 2nd Term,2000,32
NH,43.193852,-71.572395,New Hampshire,Obama 1st Term,2009,26
NH,43.193852,-71.572395,New Hampshire,Obama 1st Term,2010,31
NH,43.193852,-71.572395,New Hampshire,Obama 1st Term,2011,22
NH,43.193852,-71.572395,New Hampshire,Obama 1st Term,2012,30
NH,43.193852,-71.572395,New Hampshire,Obama 2nd Term,2013,23
NH,43.193852,-71.572395,New Hampshire,Obama 2nd Term,2014,15
NH,43.193852,-71.572395,New Hampshire,Obama 2nd Term,2015,13
NH,43.193852,-71.572395,New Hampshire,Obama 2nd Term,2016,29
NH,43.193852,-71.572395,New Hampshire,Trump 1st Term,2017,14
NH,43.193852,-71.572395,New Hampshire,Trump 1st Term,2018,13
NH,43.193852,-71.572395,New Hampshire,W. Bush 1st Term,2001,27
NH,43.193852,-71.572395,New Hampshire,W. Bush 1st Term,2002,30
NH,43.193852,-71.572395,New Hampshire,W. Bush 1st Term,2003,32
NH,43.193852,-71.572395,New Hampshire,W. Bush 1st Term,2004,49
NH,43.193852,-71.572395,New Hampshire,W. Bush 2nd Term,2005,33
NH,43.193852,-71.572395,New Hampshire,W. Bush 2nd Term,2006,38
NH,43.193852,-71.572395,New Hampshire,W. Bush 2nd Term,2007,48
NH,43.193852,-71.572395,New Hampshire,W. Bush 2nd Term,2008,45
NJ,40.058324,-74.405661,New Jersey,Clinton 1st Term,1993,1100
NJ,40.058324,-74.405661,New Jersey,Clinton 1st Term,1994,895
NJ,40.058324,-74.405661,New Jersey,Clinton 1st Term,1995,768
NJ,40.058324,-74.405661,New Jersey,Clinton 1st Term,1996,839
NJ,40.058324,-74.405661,New Jersey,Clinton 2nd Term,1997,694
NJ,40.058324,-74.405661,New Jersey,Clinton 2nd Term,1998,757
NJ,40.058324,-74.405661,New Jersey,Clinton 2nd Term,1999,617
NJ,40.058324,-74.405661,New Jersey,Clinton 2nd Term,2000,652
NJ,40.058324,-74.405661,New Jersey,Obama 1st Term,2009,549
NJ,40.058324,-74.405661,New Jersey,Obama 1st Term,2010,543
NJ,40.058324,-74.405661,New Jersey,Obama 1st Term,2011,508
NJ,40.058324,-74.405661,New Jersey,Obama 1st Term,2012,505
NJ,40.058324,-74.405661,New Jersey,Obama 2nd Term,2013,414
NJ,40.058324,-74.405661,New Jersey,Obama 2nd Term,2014,336
NJ,40.058324,-74.405661,New Jersey,Obama 2nd Term,2015,330
NJ,40.058324,-74.405661,New Jersey,Obama 2nd Term,2016,282
NJ,40.058324,-74.405661,New Jersey,Trump 1st Term,2017,326
NJ,40.058324,-74.405661,New Jersey,Trump 1st Term,2018,495
NJ,40.058324,-74.405661,New Jersey,W. Bush 1st Term,2001,767
NJ,40.058324,-74.405661,New Jersey,W. Bush 1st Term,2002,570
NJ,40.058324,-74.405661,New Jersey,W. Bush 1st Term,2003,594
NJ,40.058324,-74.405661,New Jersey,W. Bush 1st Term,2004,769
NJ,40.058324,-74.405661,New Jersey,W. Bush 2nd Term,2005,738
NJ,40.058324,-74.405661,New Jersey,W. Bush 2nd Term,2006,760
NJ,40.058324,-74.405661,New Jersey,W. Bush 2nd Term,2007,748
NJ,40.058324,-74.405661,New Jersey,W. Bush 2nd Term,2008,744
NM,34.97273,-105.03236299999999,New Mexico,Clinton 1st Term,1993,4
NM,34.97273,-105.03236299999999,New Mexico,Clinton 1st Term,1994,12
NM,34.97273,-105.03236299999999,New Mexico,Clinton 1st Term,1995,24
NM,34.97273,-105.03236299999999,New Mexico,Clinton 1st Term,1996,44
NM,34.97273,-105.03236299999999,New Mexico,Clinton 2nd Term,1997,24
NM,34.97273,-105.03236299999999,New Mexico,Clinton 2nd Term,1998,31
NM,34.97273,-105.03236299999999,New Mexico,Clinton 2nd Term,1999,16
NM,34.97273,-105.03236299999999,New Mexico,Clinton 2nd Term,2000,15
NM,34.97273,-105.03236299999999,New Mexico,Obama 1st Term,2009,15
NM,34.97273,-105.03236299999999,New Mexico,Obama 1st Term,2010,24
NM,34.97273,-105.03236299999999,New Mexico,Obama 1st Term,2011,28
NM,34.97273,-105.03236299999999,New Mexico,Obama 1st Term,2012,2
NM,34.97273,-105.03236299999999,New Mexico,Obama 2nd Term,2013,12
NM,34.97273,-105.03236299999999,New Mexico,Obama 2nd Term,2014,13
NM,34.97273,-105.03236299999999,New Mexico,Obama 2nd Term,2015,13
NM,34.97273,-105.03236299999999,New Mexico,Obama 2nd Term,2016,26
NM,34.97273,-105.03236299999999,New Mexico,Trump 1st Term,2017,7
NM,34.97273,-105.03236299999999,New Mexico,Trump 1st Term,2018,52
NM,34.97273,-105.03236299999999,New Mexico,W. Bush 1st Term,2001,20
NM,34.97273,-105.03236299999999,New Mexico,W. Bush 1st Term,2002,15
NM,34.97273,-105.03236299999999,New Mexico,W. Bush 1st Term,2003,11
NM,34.97273,-105.03236299999999,New Mexico,W. Bush 1st Term,2004,22
NM,34.97273,-105.03236299999999,New Mexico,W. Bush 2nd Term,2005,18
NM,34.97273,-105.03236299999999,New Mexico,W. Bush 2nd Term,2006,20
NM,34.97273,-105.03236299999999,New Mexico,W. Bush 2nd Term,2007,14
NM,34.97273,-105.03236299999999,New Mexico,W. Bush 2nd Term,2008,9
NV,38.802609999999994,-116.419389,Nevada,Clinton 1st Term,1993,12
NV,38.802609999999994,-116.419389,Nevada,Clinton 1st Term,1994,16
NV,38.802609999999994,-116.419389,Nevada,Clinton 1st Term,1995,68
NV,38.802609999999994,-116.419389,Nevada,Clinton 1st Term,1996,44
NV,38.802609999999994,-116.419389,Nevada,Clinton 2nd Term,1997,45
NV,38.802609999999994,-116.419389,Nevada,Clinton 2nd Term,1998,60
NV,38.802609999999994,-116.419389,Nevada,Clinton 2nd Term,1999,75
NV,38.802609999999994,-116.419389,Nevada,Clinton 2nd Term,2000,85
NV,38.802609999999994,-116.419389,Nevada,Obama 1st Term,2009,48
NV,38.802609999999994,-116.419389,Nevada,Obama 1st Term,2010,68
NV,38.802609999999994,-116.419389,Nevada,Obama 1st Term,2011,59
NV,38.802609999999994,-116.419389,Nevada,Obama 1st Term,2012,91
NV,38.802609999999994,-116.419389,Nevada,Obama 2nd Term,2013,73
NV,38.802609999999994,-116.419389,Nevada,Obama 2nd Term,2014,24
NV,38.802609999999994,-116.419389,Nevada,Obama 2nd Term,2015,58
NV,38.802609999999994,-116.419389,Nevada,Obama 2nd Term,2016,41
NV,38.802609999999994,-116.419389,Nevada,Trump 1st Term,2017,5
NV,38.802609999999994,-116.419389,Nevada,Trump 1st Term,2018,26
NV,38.802609999999994,-116.419389,Nevada,W. Bush 1st Term,2001,94
NV,38.802609999999994,-116.419389,Nevada,W. Bush 1st Term,2002,62
NV,38.802609999999994,-116.419389,Nevada,W. Bush 1st Term,2003,97
NV,38.802609999999994,-116.419389,Nevada,W. Bush 1st Term,2004,81
NV,38.802609999999994,-116.419389,Nevada,W. Bush 2nd Term,2005,77
NV,38.802609999999994,-116.419389,Nevada,W. Bush 2nd Term,2006,125
NV,38.802609999999994,-116.419389,Nevada,W. Bush 2nd Term,2007,63
NV,38.802609999999994,-116.419389,Nevada,W. Bush 2nd Term,2008,94
NY,43.299428000000006,-74.217933,New York,Clinton 1st Term,1993,934
NY,43.299428000000006,-74.217933,New York,Clinton 1st Term,1994,911
NY,43.299428000000006,-74.217933,New York,Clinton 1st Term,1995,845
NY,43.299428000000006,-74.217933,New York,Clinton 1st Term,1996,903
NY,43.299428000000006,-74.217933,New York,Clinton 2nd Term,1997,853
NY,43.299428000000006,-74.217933,New York,Clinton 2nd Term,1998,776
NY,43.299428000000006,-74.217933,New York,Clinton 2nd Term,1999,590
NY,43.299428000000006,-74.217933,New York,Clinton 2nd Term,2000,608
NY,43.299428000000006,-74.217933,New York,Obama 1st Term,2009,641
NY,43.299428000000006,-74.217933,New York,Obama 1st Term,2010,699
NY,43.299428000000006,-74.217933,New York,Obama 1st Term,2011,545
NY,43.299428000000006,-74.217933,New York,Obama 1st Term,2012,720
NY,43.299428000000006,-74.217933,New York,Obama 2nd Term,2013,615
NY,43.299428000000006,-74.217933,New York,Obama 2nd Term,2014,545
NY,43.299428000000006,-74.217933,New York,Obama 2nd Term,2015,500
NY,43.299428000000006,-74.217933,New York,Obama 2nd Term,2016,595
NY,43.299428000000006,-74.217933,New York,Trump 1st Term,2017,228
NY,43.299428000000006,-74.217933,New York,Trump 1st Term,2018,203
NY,43.299428000000006,-74.217933,New York,W. Bush 1st Term,2001,712
NY,43.299428000000006,-74.217933,New York,W. Bush 1st Term,2002,693
NY,43.299428000000006,-74.217933,New York,W. Bush 1st Term,2003,603
NY,43.299428000000006,-74.217933,New York,W. Bush 1st Term,2004,386
NY,43.299428000000006,-74.217933,New York,W. Bush 2nd Term,2005,498
NY,43.299428000000006,-74.217933,New York,W. Bush 2nd Term,2006,522
NY,43.299428000000006,-74.217933,New York,W. Bush 2nd Term,2007,498
NY,43.299428000000006,-74.217933,New York,W. Bush 2nd Term,2008,605
OH,40.417287,-82.907123,Ohio,Clinton 1st Term,1993,260
OH,40.417287,-82.907123,Ohio,Clinton 1st Term,1994,357
OH,40.417287,-82.907123,Ohio,Clinton 1st Term,1995,266
OH,40.417287,-82.907123,Ohio,Clinton 1st Term,1996,234
OH,40.417287,-82.907123,Ohio,Clinton 2nd Term,1997,265
OH,40.417287,-82.907123,Ohio,Clinton 2nd Term,1998,254
OH,40.417287,-82.907123,Ohio,Clinton 2nd Term,1999,232
OH,40.417287,-82.907123,Ohio,Clinton 2nd Term,2000,255
OH,40.417287,-82.907123,Ohio,Obama 1st Term,2009,303
OH,40.417287,-82.907123,Ohio,Obama 1st Term,2010,247
OH,40.417287,-82.907123,Ohio,Obama 1st Term,2011,250
OH,40.417287,-82.907123,Ohio,Obama 1st Term,2012,264
OH,40.417287,-82.907123,Ohio,Obama 2nd Term,2013,341
OH,40.417287,-82.907123,Ohio,Obama 2nd Term,2014,421
OH,40.417287,-82.907123,Ohio,Obama 2nd Term,2015,416
OH,40.417287,-82.907123,Ohio,Obama 2nd Term,2016,471
OH,40.417287,-82.907123,Ohio,Trump 1st Term,2017,387
OH,40.417287,-82.907123,Ohio,Trump 1st Term,2018,365
OH,40.417287,-82.907123,Ohio,W. Bush 1st Term,2001,363
OH,40.417287,-82.907123,Ohio,W. Bush 1st Term,2002,265
OH,40.417287,-82.907123,Ohio,W. Bush 1st Term,2003,244
OH,40.417287,-82.907123,Ohio,W. Bush 1st Term,2004,354
OH,40.417287,-82.907123,Ohio,W. Bush 2nd Term,2005,191
OH,40.417287,-82.907123,Ohio,W. Bush 2nd Term,2006,305
OH,40.417287,-82.907123,Ohio,W. Bush 2nd Term,2007,306
OH,40.417287,-82.907123,Ohio,W. Bush 2nd Term,2008,355
OK,35.007752,-97.092877,Oklahoma,Clinton 1st Term,1993,61
OK,35.007752,-97.092877,Oklahoma,Clinton 1st Term,1994,20
OK,35.007752,-97.092877,Oklahoma,Clinton 1st Term,1995,37
OK,35.007752,-97.092877,Oklahoma,Clinton 1st Term,1996,83
OK,35.007752,-97.092877,Oklahoma,Clinton 2nd Term,1997,41
OK,35.007752,-97.092877,Oklahoma,Clinton 2nd Term,1998,57
OK,35.007752,-97.092877,Oklahoma,Clinton 2nd Term,1999,42
OK,35.007752,-97.092877,Oklahoma,Clinton 2nd Term,2000,80
OK,35.007752,-97.092877,Oklahoma,Obama 1st Term,2009,60
OK,35.007752,-97.092877,Oklahoma,Obama 1st Term,2010,49
OK,35.007752,-97.092877,Oklahoma,Obama 1st Term,2011,30
OK,35.007752,-97.092877,Oklahoma,Obama 1st Term,2012,21
OK,35.007752,-97.092877,Oklahoma,Obama 2nd Term,2013,43
OK,35.007752,-97.092877,Oklahoma,Obama 2nd Term,2014,31
OK,35.007752,-97.092877,Oklahoma,Obama 2nd Term,2015,37
OK,35.007752,-97.092877,Oklahoma,Obama 2nd Term,2016,35
OK,35.007752,-97.092877,Oklahoma,Trump 1st Term,2017,29
OK,35.007752,-97.092877,Oklahoma,Trump 1st Term,2018,31
OK,35.007752,-97.092877,Oklahoma,W. Bush 1st Term,2001,46
OK,35.007752,-97.092877,Oklahoma,W. Bush 1st Term,2002,44
OK,35.007752,-97.092877,Oklahoma,W. Bush 1st Term,2003,38
OK,35.007752,-97.092877,Oklahoma,W. Bush 1st Term,2004,51
OK,35.007752,-97.092877,Oklahoma,W. Bush 2nd Term,2005,41
OK,35.007752,-97.092877,Oklahoma,W. Bush 2nd Term,2006,51
OK,35.007752,-97.092877,Oklahoma,W. Bush 2nd Term,2007,30
OK,35.007752,-97.092877,Oklahoma,W. Bush 2nd Term,2008,54
OR,43.804133,-120.554201,Oregon,Clinton 1st Term,1993,237
OR,43.804133,-120.554201,Oregon,Clinton 1st Term,1994,177
OR,43.804133,-120.554201,Oregon,Clinton 1st Term,1995,152
OR,43.804133,-120.554201,Oregon,Clinton 1st Term,1996,172
OR,43.804133,-120.554201,Oregon,Clinton 2nd Term,1997,105
OR,43.804133,-120.554201,Oregon,Clinton 2nd Term,1998,101
OR,43.804133,-120.554201,Oregon,Clinton 2nd Term,1999,123
OR,43.804133,-120.554201,Oregon,Clinton 2nd Term,2000,142
OR,43.804133,-120.554201,Oregon,Obama 1st Term,2009,131
OR,43.804133,-120.554201,Oregon,Obama 1st Term,2010,134
OR,43.804133,-120.554201,Oregon,Obama 1st Term,2011,130
OR,43.804133,-120.554201,Oregon,Obama 1st Term,2012,52
OR,43.804133,-120.554201,Oregon,Obama 2nd Term,2013,68
OR,43.804133,-120.554201,Oregon,Obama 2nd Term,2014,66
OR,43.804133,-120.554201,Oregon,Obama 2nd Term,2015,88
OR,43.804133,-120.554201,Oregon,Obama 2nd Term,2016,107
OR,43.804133,-120.554201,Oregon,Trump 1st Term,2017,148
OR,43.804133,-120.554201,Oregon,Trump 1st Term,2018,137
OR,43.804133,-120.554201,Oregon,W. Bush 1st Term,2001,222
OR,43.804133,-120.554201,Oregon,W. Bush 1st Term,2002,61
OR,43.804133,-120.554201,Oregon,W. Bush 1st Term,2003,103
OR,43.804133,-120.554201,Oregon,W. Bush 1st Term,2004,155
OR,43.804133,-120.554201,Oregon,W. Bush 2nd Term,2005,138
OR,43.804133,-120.554201,Oregon,W. Bush 2nd Term,2006,144
OR,43.804133,-120.554201,Oregon,W. Bush 2nd Term,2007,169
OR,43.804133,-120.554201,Oregon,W. Bush 2nd Term,2008,191
PA,41.203322,-77.194525,Pennsylvania,Clinton 1st Term,1993,391
PA,41.203322,-77.194525,Pennsylvania,Clinton 1st Term,1994,278
PA,41.203322,-77.194525,Pennsylvania,Clinton 1st Term,1995,284
PA,41.203322,-77.194525,Pennsylvania,Clinton 1st Term,1996,205
PA,41.203322,-77.194525,Pennsylvania,Clinton 2nd Term,1997,163
PA,41.203322,-77.194525,Pennsylvania,Clinton 2nd Term,1998,164
PA,41.203322,-77.194525,Pennsylvania,Clinton 2nd Term,1999,187
PA,41.203322,-77.194525,Pennsylvania,Clinton 2nd Term,2000,141
PA,41.203322,-77.194525,Pennsylvania,Obama 1st Term,2009,36
PA,41.203322,-77.194525,Pennsylvania,Obama 1st Term,2010,57
PA,41.203322,-77.194525,Pennsylvania,Obama 1st Term,2011,19
PA,41.203322,-77.194525,Pennsylvania,Obama 1st Term,2012,38
PA,41.203322,-77.194525,Pennsylvania,Obama 2nd Term,2013,56
PA,41.203322,-77.194525,Pennsylvania,Obama 2nd Term,2014,54
PA,41.203322,-77.194525,Pennsylvania,Obama 2nd Term,2015,57
PA,41.203322,-77.194525,Pennsylvania,Obama 2nd Term,2016,66
PA,41.203322,-77.194525,Pennsylvania,Trump 1st Term,2017,70
PA,41.203322,-77.194525,Pennsylvania,Trump 1st Term,2018,55
PA,41.203322,-77.194525,Pennsylvania,W. Bush 1st Term,2001,141
PA,41.203322,-77.194525,Pennsylvania,W. Bush 1st Term,2002,96
PA,41.203322,-77.194525,Pennsylvania,W. Bush 1st Term,2003,118
PA,41.203322,-77.194525,Pennsylvania,W. Bush 1st Term,2004,99
PA,41.203322,-77.194525,Pennsylvania,W. Bush 2nd Term,2005,80
PA,41.203322,-77.194525,Pennsylvania,W. Bush 2nd Term,2006,87
PA,41.203322,-77.194525,Pennsylvania,W. Bush 2nd Term,2007,78
PA,41.203322,-77.194525,Pennsylvania,W. Bush 2nd Term,2008,70
RI,41.580095,-71.477429,Rhode Island,Clinton 1st Term,1993,62
RI,41.580095,-71.477429,Rhode Island,Clinton 1st Term,1994,37
RI,41.580095,-71.477429,Rhode Island,Clinton 1st Term,1995,46
RI,41.580095,-71.477429,Rhode Island,Clinton 1st Term,1996,40
RI,41.580095,-71.477429,Rhode Island,Clinton 2nd Term,1997,43
RI,41.580095,-71.477429,Rhode Island,Clinton 2nd Term,1998,29
RI,41.580095,-71.477429,Rhode Island,Clinton 2nd Term,1999,41
RI,41.580095,-71.477429,Rhode Island,Clinton 2nd Term,2000,48
RI,41.580095,-71.477429,Rhode Island,Obama 1st Term,2009,35
RI,41.580095,-71.477429,Rhode Island,Obama 1st Term,2010,20
RI,41.580095,-71.477429,Rhode Island,Obama 1st Term,2011,25
RI,41.580095,-71.477429,Rhode Island,Obama 1st Term,2012,12
RI,41.580095,-71.477429,Rhode Island,Obama 2nd Term,2013,7
RI,41.580095,-71.477429,Rhode Island,Obama 2nd Term,2014,5
RI,41.580095,-71.477429,Rhode Island,Obama 2nd Term,2015,18
RI,41.580095,-71.477429,Rhode Island,Obama 2nd Term,2016,12
RI,41.580095,-71.477429,Rhode Island,Trump 1st Term,2017,11
RI,41.580095,-71.477429,Rhode Island,Trump 1st Term,2018,13
RI,41.580095,-71.477429,Rhode Island,W. Bush 1st Term,2001,63
RI,41.580095,-71.477429,Rhode Island,W. Bush 1st Term,2002,38
RI,41.580095,-71.477429,Rhode Island,W. Bush 1st Term,2003,45
RI,41.580095,-71.477429,Rhode Island,W. Bush 1st Term,2004,29
RI,41.580095,-71.477429,Rhode Island,W. Bush 2nd Term,2005,15
RI,41.580095,-71.477429,Rhode Island,W. Bush 2nd Term,2006,19
RI,41.580095,-71.477429,Rhode Island,W. Bush 2nd Term,2007,49
RI,41.580095,-71.477429,Rhode Island,W. Bush 2nd Term,2008,35
SC,33.836081,-81.163725,South Carolina,Clinton 1st Term,1993,27
SC,33.836081,-81.163725,South Carolina,Clinton 1st Term,1994,33
SC,33.836081,-81.163725,South Carolina,Clinton 1st Term,1995,26
SC,33.836081,-81.163725,South Carolina,Clinton 1st Term,1996,43
SC,33.836081,-81.163725,South Carolina,Clinton 2nd Term,1997,71
SC,33.836081,-81.163725,South Carolina,Clinton 2nd Term,1998,66
SC,33.836081,-81.163725,South Carolina,Clinton 2nd Term,1999,73
SC,33.836081,-81.163725,South Carolina,Clinton 2nd Term,2000,36
SC,33.836081,-81.163725,South Carolina,Obama 1st Term,2009,109
SC,33.836081,-81.163725,South Carolina,Obama 1st Term,2010,109
SC,33.836081,-81.163725,South Carolina,Obama 1st Term,2011,124
SC,33.836081,-81.163725,South Carolina,Obama 1st Term,2012,104
SC,33.836081,-81.163725,South Carolina,Obama 2nd Term,2013,52
SC,33.836081,-81.163725,South Carolina,Obama 2nd Term,2014,53
SC,33.836081,-81.163725,South Carolina,Obama 2nd Term,2015,57
SC,33.836081,-81.163725,South Carolina,Obama 2nd Term,2016,30
SC,33.836081,-81.163725,South Carolina,Trump 1st Term,2017,83
SC,33.836081,-81.163725,South Carolina,Trump 1st Term,2018,68
SC,33.836081,-81.163725,South Carolina,W. Bush 1st Term,2001,57
SC,33.836081,-81.163725,South Carolina,W. Bush 1st Term,2002,71
SC,33.836081,-81.163725,South Carolina,W. Bush 1st Term,2003,64
SC,33.836081,-81.163725,South Carolina,W. Bush 1st Term,2004,102
SC,33.836081,-81.163725,South Carolina,W. Bush 2nd Term,2005,98
SC,33.836081,-81.163725,South Carolina,W. Bush 2nd Term,2006,82
SC,33.836081,-81.163725,South Carolina,W. Bush 2nd Term,2007,117
SC,33.836081,-81.163725,South Carolina,W. Bush 2nd Term,2008,154
SD,43.969515,-99.901813,South Dakota,Clinton 1st Term,1993,4
SD,43.969515,-99.901813,South Dakota,Clinton 1st Term,1994,1
SD,43.969515,-99.901813,South Dakota,Clinton 1st Term,1995,5
SD,43.969515,-99.901813,South Dakota,Clinton 1st Term,1996,3
SD,43.969515,-99.901813,South Dakota,Clinton 2nd Term,1997,34
SD,43.969515,-99.901813,South Dakota,Clinton 2nd Term,1998,19
SD,43.969515,-99.901813,South Dakota,Clinton 2nd Term,1999,14
SD,43.969515,-99.901813,South Dakota,Clinton 2nd Term,2000,9
SD,43.969515,-99.901813,South Dakota,Obama 1st Term,2009,42
SD,43.969515,-99.901813,South Dakota,Obama 1st Term,2010,51
SD,43.969515,-99.901813,South Dakota,Obama 1st Term,2011,22
SD,43.969515,-99.901813,South Dakota,Obama 1st Term,2012,30
SD,43.969515,-99.901813,South Dakota,Obama 2nd Term,2013,21
SD,43.969515,-99.901813,South Dakota,Obama 2nd Term,2014,18
SD,43.969515,-99.901813,South Dakota,Obama 2nd Term,2015,16
SD,43.969515,-99.901813,South Dakota,Obama 2nd Term,2016,18
SD,43.969515,-99.901813,South Dakota,Trump 1st Term,2017,15
SD,43.969515,-99.901813,South Dakota,Trump 1st Term,2018,20
SD,43.969515,-99.901813,South Dakota,W. Bush 1st Term,2001,5
SD,43.969515,-99.901813,South Dakota,W. Bush 1st Term,2002,4
SD,43.969515,-99.901813,South Dakota,W. Bush 1st Term,2003,10
SD,43.969515,-99.901813,South Dakota,W. Bush 1st Term,2004,7
SD,43.969515,-99.901813,South Dakota,W. Bush 2nd Term,2005,9
SD,43.969515,-99.901813,South Dakota,W. Bush 2nd Term,2006,88
SD,43.969515,-99.901813,South Dakota,W. Bush 2nd Term,2007,37
SD,43.969515,-99.901813,South Dakota,W. Bush 2nd Term,2008,44
TN,35.517491,-86.58044699999999,Tennessee,Clinton 1st Term,1993,2
TN,35.517491,-86.58044699999999,Tennessee,Clinton 1st Term,1994,20
TN,35.517491,-86.58044699999999,Tennessee,Clinton 1st Term,1995,25
TN,35.517491,-86.58044699999999,Tennessee,Clinton 1st Term,1996,33
TN,35.517491,-86.58044699999999,Tennessee,Clinton 2nd Term,1997,57
TN,35.517491,-86.58044699999999,Tennessee,Clinton 2nd Term,1998,73
TN,35.517491,-86.58044699999999,Tennessee,Clinton 2nd Term,1999,131
TN,35.517491,-86.58044699999999,Tennessee,Clinton 2nd Term,2000,236
TN,35.517491,-86.58044699999999,Tennessee,Obama 1st Term,2009,171
TN,35.517491,-86.58044699999999,Tennessee,Obama 1st Term,2010,147
TN,35.517491,-86.58044699999999,Tennessee,Obama 1st Term,2011,148
TN,35.517491,-86.58044699999999,Tennessee,Obama 1st Term,2012,321
TN,35.517491,-86.58044699999999,Tennessee,Obama 2nd Term,2013,205
TN,35.517491,-86.58044699999999,Tennessee,Obama 2nd Term,2014,198
TN,35.517491,-86.58044699999999,Tennessee,Obama 2nd Term,2015,221
TN,35.517491,-86.58044699999999,Tennessee,Obama 2nd Term,2016,149
TN,35.517491,-86.58044699999999,Tennessee,Trump 1st Term,2017,136
TN,35.517491,-86.58044699999999,Tennessee,Trump 1st Term,2018,168
TN,35.517491,-86.58044699999999,Tennessee,W. Bush 1st Term,2001,190
TN,35.517491,-86.58044699999999,Tennessee,W. Bush 1st Term,2002,130
TN,35.517491,-86.58044699999999,Tennessee,W. Bush 1st Term,2003,161
TN,35.517491,-86.58044699999999,Tennessee,W. Bush 1st Term,2004,136
TN,35.517491,-86.58044699999999,Tennessee,W. Bush 2nd Term,2005,120
TN,35.517491,-86.58044699999999,Tennessee,W. Bush 2nd Term,2006,206
TN,35.517491,-86.58044699999999,Tennessee,W. Bush 2nd Term,2007,239
TN,35.517491,-86.58044699999999,Tennessee,W. Bush 2nd Term,2008,270
TX,31.968598999999998,-99.901813,Texas,Clinton 1st Term,1993,418
TX,31.968598999999998,-99.901813,Texas,Clinton 1st Term,1994,365
TX,31.968598999999998,-99.901813,Texas,Clinton 1st Term,1995,326
TX,31.968598999999998,-99.901813,Texas,Clinton 1st Term,1996,350
TX,31.968598999999998,-99.901813,Texas,Clinton 2nd Term,1997,338
TX,31.968598999999998,-99.901813,Texas,Clinton 2nd Term,1998,301
TX,31.968598999999998,-99.901813,Texas,Clinton 2nd Term,1999,263
TX,31.968598999999998,-99.901813,Texas,Clinton 2nd Term,2000,287
TX,31.968598999999998,-99.901813,Texas,Obama 1st Term,2009,165
TX,31.968598999999998,-99.901813,Texas,Obama 1st Term,2010,174
TX,31.968598999999998,-99.901813,Texas,Obama 1st Term,2011,153
TX,31.968598999999998,-99.901813,Texas,Obama 1st Term,2012,175
TX,31.968598999999998,-99.901813,Texas,Obama 2nd Term,2013,142
TX,31.968598999999998,-99.901813,Texas,Obama 2nd Term,2014,158
TX,31.968598999999998,-99.901813,Texas,Obama 2nd Term,2015,191
TX,31.968598999999998,-99.901813,Texas,Obama 2nd Term,2016,179
TX,31.968598999999998,-99.901813,Texas,Trump 1st Term,2017,176
TX,31.968598999999998,-99.901813,Texas,Trump 1st Term,2018,396
TX,31.968598999999998,-99.901813,Texas,W. Bush 1st Term,2001,436
TX,31.968598999999998,-99.901813,Texas,W. Bush 1st Term,2002,343
TX,31.968598999999998,-99.901813,Texas,W. Bush 1st Term,2003,290
TX,31.968598999999998,-99.901813,Texas,W. Bush 1st Term,2004,297
TX,31.968598999999998,-99.901813,Texas,W. Bush 2nd Term,2005,264
TX,31.968598999999998,-99.901813,Texas,W. Bush 2nd Term,2006,243
TX,31.968598999999998,-99.901813,Texas,W. Bush 2nd Term,2007,242
TX,31.968598999999998,-99.901813,Texas,W. Bush 2nd Term,2008,247
UT,39.32098,-111.093731,Utah,Clinton 1st Term,1993,45
UT,39.32098,-111.093731,Utah,Clinton 1st Term,1994,93
UT,39.32098,-111.093731,Utah,Clinton 1st Term,1995,107
UT,39.32098,-111.093731,Utah,Clinton 1st Term,1996,59
UT,39.32098,-111.093731,Utah,Clinton 2nd Term,1997,52
UT,39.32098,-111.093731,Utah,Clinton 2nd Term,1998,67
UT,39.32098,-111.093731,Utah,Clinton 2nd Term,1999,59
UT,39.32098,-111.093731,Utah,Clinton 2nd Term,2000,75
UT,39.32098,-111.093731,Utah,Obama 1st Term,2009,49
UT,39.32098,-111.093731,Utah,Obama 1st Term,2010,63
UT,39.32098,-111.093731,Utah,Obama 1st Term,2011,69
UT,39.32098,-111.093731,Utah,Obama 1st Term,2012,102
UT,39.32098,-111.093731,Utah,Obama 2nd Term,2013,76
UT,39.32098,-111.093731,Utah,Obama 2nd Term,2014,55
UT,39.32098,-111.093731,Utah,Obama 2nd Term,2015,47
UT,39.32098,-111.093731,Utah,Obama 2nd Term,2016,67
UT,39.32098,-111.093731,Utah,Trump 1st Term,2017,47
UT,39.32098,-111.093731,Utah,Trump 1st Term,2018,48
UT,39.32098,-111.093731,Utah,W. Bush 1st Term,2001,66
UT,39.32098,-111.093731,Utah,W. Bush 1st Term,2002,54
UT,39.32098,-111.093731,Utah,W. Bush 1st Term,2003,60
UT,39.32098,-111.093731,Utah,W. Bush 1st Term,2004,60
UT,39.32098,-111.093731,Utah,W. Bush 2nd Term,2005,41
UT,39.32098,-111.093731,Utah,W. Bush 2nd Term,2006,37
UT,39.32098,-111.093731,Utah,W. Bush 2nd Term,2007,57
UT,39.32098,-111.093731,Utah,W. Bush 2nd Term,2008,40
VA,37.431573,-78.656894,Virginia,Clinton 1st Term,1993,100
VA,37.431573,-78.656894,Virginia,Clinton 1st Term,1994,95
VA,37.431573,-78.656894,Virginia,Clinton 1st Term,1995,51
VA,37.431573,-78.656894,Virginia,Clinton 1st Term,1996,100
VA,37.431573,-78.656894,Virginia,Clinton 2nd Term,1997,105
VA,37.431573,-78.656894,Virginia,Clinton 2nd Term,1998,158
VA,37.431573,-78.656894,Virginia,Clinton 2nd Term,1999,211
VA,37.431573,-78.656894,Virginia,Clinton 2nd Term,2000,324
VA,37.431573,-78.656894,Virginia,Obama 1st Term,2009,150
VA,37.431573,-78.656894,Virginia,Obama 1st Term,2010,175
VA,37.431573,-78.656894,Virginia,Obama 1st Term,2011,147
VA,37.431573,-78.656894,Virginia,Obama 1st Term,2012,138
VA,37.431573,-78.656894,Virginia,Obama 2nd Term,2013,123
VA,37.431573,-78.656894,Virginia,Obama 2nd Term,2014,123
VA,37.431573,-78.656894,Virginia,Obama 2nd Term,2015,158
VA,37.431573,-78.656894,Virginia,Obama 2nd Term,2016,127
VA,37.431573,-78.656894,Virginia,Trump 1st Term,2017,213
VA,37.431573,-78.656894,Virginia,Trump 1st Term,2018,150
VA,37.431573,-78.656894,Virginia,W. Bush 1st Term,2001,357
VA,37.431573,-78.656894,Virginia,W. Bush 1st Term,2002,291
VA,37.431573,-78.656894,Virginia,W. Bush 1st Term,2003,285
VA,37.431573,-78.656894,Virginia,W. Bush 1st Term,2004,310
VA,37.431573,-78.656894,Virginia,W. Bush 2nd Term,2005,293
VA,37.431573,-78.656894,Virginia,W. Bush 2nd Term,2006,341
VA,37.431573,-78.656894,Virginia,W. Bush 2nd Term,2007,296
VA,37.431573,-78.656894,Virginia,W. Bush 2nd Term,2008,267
VT,44.558803000000005,-72.577841,Vermont,Clinton 1st Term,1993,1
VT,44.558803000000005,-72.577841,Vermont,Clinton 1st Term,1994,12
VT,44.558803000000005,-72.577841,Vermont,Clinton 1st Term,1995,10
VT,44.558803000000005,-72.577841,Vermont,Clinton 1st Term,1996,4
VT,44.558803000000005,-72.577841,Vermont,Clinton 2nd Term,1997,3
VT,44.558803000000005,-72.577841,Vermont,Clinton 2nd Term,1998,13
VT,44.558803000000005,-72.577841,Vermont,Clinton 2nd Term,1999,16
VT,44.558803000000005,-72.577841,Vermont,Clinton 2nd Term,2000,19
VT,44.558803000000005,-72.577841,Vermont,Obama 1st Term,2009,24
VT,44.558803000000005,-72.577841,Vermont,Obama 1st Term,2010,17
VT,44.558803000000005,-72.577841,Vermont,Obama 1st Term,2011,9
VT,44.558803000000005,-72.577841,Vermont,Obama 1st Term,2012,14
VT,44.558803000000005,-72.577841,Vermont,Obama 2nd Term,2013,13
VT,44.558803000000005,-72.577841,Vermont,Obama 2nd Term,2014,15
VT,44.558803000000005,-72.577841,Vermont,Obama 2nd Term,2015,8
VT,44.558803000000005,-72.577841,Vermont,Obama 2nd Term,2016,25
VT,44.558803000000005,-72.577841,Vermont,Trump 1st Term,2017,31
VT,44.558803000000005,-72.577841,Vermont,Trump 1st Term,2018,45
VT,44.558803000000005,-72.577841,Vermont,W. Bush 1st Term,2001,17
VT,44.558803000000005,-72.577841,Vermont,W. Bush 1st Term,2002,18
VT,44.558803000000005,-72.577841,Vermont,W. Bush 1st Term,2003,27
VT,44.558803000000005,-72.577841,Vermont,W. Bush 1st Term,2004,28
VT,44.558803000000005,-72.577841,Vermont,W. Bush 2nd Term,2005,34
VT,44.558803000000005,-72.577841,Vermont,W. Bush 2nd Term,2006,27
VT,44.558803000000005,-72.577841,Vermont,W. Bush 2nd Term,2007,21
VT,44.558803000000005,-72.577841,Vermont,W. Bush 2nd Term,2008,22
WA,47.751073999999996,-120.74013899999999,Washington,Clinton 1st Term,1993,457
WA,47.751073999999996,-120.74013899999999,Washington,Clinton 1st Term,1994,281
WA,47.751073999999996,-120.74013899999999,Washington,Clinton 1st Term,1995,266
WA,47.751073999999996,-120.74013899999999,Washington,Clinton 1st Term,1996,198
WA,47.751073999999996,-120.74013899999999,Washington,Clinton 2nd Term,1997,190
WA,47.751073999999996,-120.74013899999999,Washington,Clinton 2nd Term,1998,223
WA,47.751073999999996,-120.74013899999999,Washington,Clinton 2nd Term,1999,229
WA,47.751073999999996,-120.74013899999999,Washington,Clinton 2nd Term,2000,242
WA,47.751073999999996,-120.74013899999999,Washington,Obama 1st Term,2009,208
WA,47.751073999999996,-120.74013899999999,Washington,Obama 1st Term,2010,232
WA,47.751073999999996,-120.74013899999999,Washington,Obama 1st Term,2011,213
WA,47.751073999999996,-120.74013899999999,Washington,Obama 1st Term,2012,274
WA,47.751073999999996,-120.74013899999999,Washington,Obama 2nd Term,2013,294
WA,47.751073999999996,-120.74013899999999,Washington,Obama 2nd Term,2014,304
WA,47.751073999999996,-120.74013899999999,Washington,Obama 2nd Term,2015,275
WA,47.751073999999996,-120.74013899999999,Washington,Obama 2nd Term,2016,395
WA,47.751073999999996,-120.74013899999999,Washington,Trump 1st Term,2017,511
WA,47.751073999999996,-120.74013899999999,Washington,Trump 1st Term,2018,518
WA,47.751073999999996,-120.74013899999999,Washington,W. Bush 1st Term,2001,278
WA,47.751073999999996,-120.74013899999999,Washington,W. Bush 1st Term,2002,173
WA,47.751073999999996,-120.74013899999999,Washington,W. Bush 1st Term,2003,223
WA,47.751073999999996,-120.74013899999999,Washington,W. Bush 1st Term,2004,175
WA,47.751073999999996,-120.74013899999999,Washington,W. Bush 2nd Term,2005,171
WA,47.751073999999996,-120.74013899999999,Washington,W. Bush 2nd Term,2006,177
WA,47.751073999999996,-120.74013899999999,Washington,W. Bush 2nd Term,2007,196
WA,47.751073999999996,-120.74013899999999,Washington,W. Bush 2nd Term,2008,240
WI,43.784440000000004,-88.787868,Wisconsin,Clinton 1st Term,1993,19
WI,43.784440000000004,-88.787868,Wisconsin,Clinton 1st Term,1994,40
WI,43.784440000000004,-88.787868,Wisconsin,Clinton 1st Term,1995,45
WI,43.784440000000004,-88.787868,Wisconsin,Clinton 1st Term,1996,43
WI,43.784440000000004,-88.787868,Wisconsin,Clinton 2nd Term,1997,50
WI,43.784440000000004,-88.787868,Wisconsin,Clinton 2nd Term,1999,49
WI,43.784440000000004,-88.787868,Wisconsin,Clinton 2nd Term,2000,47
WI,43.784440000000004,-88.787868,Wisconsin,Obama 1st Term,2009,54
WI,43.784440000000004,-88.787868,Wisconsin,Obama 1st Term,2010,93
WI,43.784440000000004,-88.787868,Wisconsin,Obama 1st Term,2011,80
WI,43.784440000000004,-88.787868,Wisconsin,Obama 1st Term,2012,70
WI,43.784440000000004,-88.787868,Wisconsin,Obama 2nd Term,2013,50
WI,43.784440000000004,-88.787868,Wisconsin,Obama 2nd Term,2014,53
WI,43.784440000000004,-88.787868,Wisconsin,Obama 2nd Term,2015,45
WI,43.784440000000004,-88.787868,Wisconsin,Obama 2nd Term,2016,39
WI,43.784440000000004,-88.787868,Wisconsin,Trump 1st Term,2017,47
WI,43.784440000000004,-88.787868,Wisconsin,Trump 1st Term,2018,53
WI,43.784440000000004,-88.787868,Wisconsin,W. Bush 1st Term,2001,61
WI,43.784440000000004,-88.787868,Wisconsin,W. Bush 1st Term,2002,34
WI,43.784440000000004,-88.787868,Wisconsin,W. Bush 1st Term,2003,31
WI,43.784440000000004,-88.787868,Wisconsin,W. Bush 1st Term,2004,38
WI,43.784440000000004,-88.787868,Wisconsin,W. Bush 2nd Term,2005,45
WI,43.784440000000004,-88.787868,Wisconsin,W. Bush 2nd Term,2006,85
WI,43.784440000000004,-88.787868,Wisconsin,W. Bush 2nd Term,2007,69
WI,43.784440000000004,-88.787868,Wisconsin,W. Bush 2nd Term,2008,95
WV,38.597626,-80.454903,West Virginia,Clinton 1st Term,1996,4
WV,38.597626,-80.454903,West Virginia,Clinton 2nd Term,1997,3
WV,38.597626,-80.454903,West Virginia,Clinton 2nd Term,1998,21
WV,38.597626,-80.454903,West Virginia,Clinton 2nd Term,1999,33
WV,38.597626,-80.454903,West Virginia,Clinton 2nd Term,2000,74
WV,38.597626,-80.454903,West Virginia,Obama 1st Term,2009,25
WV,38.597626,-80.454903,West Virginia,Obama 1st Term,2010,33
WV,38.597626,-80.454903,West Virginia,Obama 1st Term,2011,19
WV,38.597626,-80.454903,West Virginia,Obama 1st Term,2012,27
WV,38.597626,-80.454903,West Virginia,Obama 2nd Term,2013,58
WV,38.597626,-80.454903,West Virginia,Obama 2nd Term,2014,29
WV,38.597626,-80.454903,West Virginia,Obama 2nd Term,2015,42
WV,38.597626,-80.454903,West Virginia,Obama 2nd Term,2016,41
WV,38.597626,-80.454903,West Virginia,Trump 1st Term,2017,38
WV,38.597626,-80.454903,West Virginia,Trump 1st Term,2018,95
WV,38.597626,-80.454903,West Virginia,W. Bush 1st Term,2001,40
WV,38.597626,-80.454903,West Virginia,W. Bush 1st Term,2002,42
WV,38.597626,-80.454903,West Virginia,W. Bush 1st Term,2003,31
WV,38.597626,-80.454903,West Virginia,W. Bush 1st Term,2004,45
WV,38.597626,-80.454903,West Virginia,W. Bush 2nd Term,2005,46
WV,38.597626,-80.454903,West Virginia,W. Bush 2nd Term,2006,35
WV,38.597626,-80.454903,West Virginia,W. Bush 2nd Term,2007,44
WV,38.597626,-80.454903,West Virginia,W. Bush 2nd Term,2008,46
WY,43.075967999999996,-107.29028400000001,Wyoming,Clinton 1st Term,1993,10
WY,43.075967999999996,-107.29028400000001,Wyoming,Clinton 1st Term,1994,6
WY,43.075967999999996,-107.29028400000001,Wyoming,Clinton 1st Term,1995,19
WY,43.075967999999996,-107.29028400000001,Wyoming,Clinton 1st Term,1996,4
WY,43.075967999999996,-107.29028400000001,Wyoming,Clinton 2nd Term,1997,6
WY,43.075967999999996,-107.29028400000001,Wyoming,Clinton 2nd Term,1998,6
WY,43.075967999999996,-107.29028400000001,Wyoming,Clinton 2nd Term,1999,2
WY,43.075967999999996,-107.29028400000001,Wyoming,Clinton 2nd Term,2000,9
WY,43.075967999999996,-107.29028400000001,Wyoming,Obama 1st Term,2009,8
WY,43.075967999999996,-107.29028400000001,Wyoming,Obama 1st Term,2010,2
WY,43.075967999999996,-107.29028400000001,Wyoming,Obama 1st Term,2011,2
WY,43.075967999999996,-107.29028400000001,Wyoming,Obama 1st Term,2012,2
WY,43.075967999999996,-107.29028400000001,Wyoming,Obama 2nd Term,2013,1
WY,43.075967999999996,-107.29028400000001,Wyoming,Obama 2nd Term,2015,2
WY,43.075967999999996,-107.29028400000001,Wyoming,Obama 2nd Term,2016,3
WY,43.075967999999996,-107.29028400000001,Wyoming,Trump 1st Term,2017,2
WY,43.075967999999996,-107.29028400000001,Wyoming,W. Bush 1st Term,2001,10
WY,43.075967999999996,-107.29028400000001,Wyoming,W. Bush 1st Term,2002,5
WY,43.075967999999996,-107.29028400000001,Wyoming,W. Bush 1st Term,2003,12
WY,43.075967999999996,-107.29028400000001,Wyoming,W. Bush 1st Term,2004,4
WY,43.075967999999996,-107.29028400000001,Wyoming,W. Bush 2nd Term,2005,3
WY,43.075967999999996,-107.29028400000001,Wyoming,W. Bush 2nd Term,2006,5
WY,43.075967999999996,-107.29028400000001,Wyoming,W. Bush 2nd Term,2007,21
WY,43.075967999999996,-107.29028400000001,Wyoming,W. Bush 2nd Term,2008,6
